index_name,question_id,k,retrieval_latency_ms,evidence_found,retrieved_chunks
fixed_250,Q001,1,27.4356,1,1
fixed_250,Q001,3,19.2809,1,3
fixed_250,Q001,5,18.5382,1,5
fixed_250,Q002,1,21.8496,0,1
fixed_250,Q002,3,21.3515,1,3
fixed_250,Q002,5,20.6591,1,5
fixed_250,Q003,1,19.5285,1,1
fixed_250,Q003,3,20.7475,1,3
fixed_250,Q003,5,21.9227,1,5
fixed_250,Q004,1,20.879,1,1
fixed_250,Q004,3,20.9704,1,3
fixed_250,Q004,5,20.7817,1,5
fixed_250,Q005,1,20.6522,1,1
fixed_250,Q005,3,26.4658,1,3
fixed_250,Q005,5,21.165,1,5
fixed_250,Q006,1,18.7382,0,1
fixed_250,Q006,3,18.8574,0,3
fixed_250,Q006,5,20.0799,1,5
fixed_250,Q007,1,18.387,1,1
fixed_250,Q007,3,17.8732,1,3
fixed_250,Q007,5,17.2743,1,5
fixed_250,Q008,1,22.5614,1,1
fixed_250,Q008,3,20.001,1,3
fixed_250,Q008,5,17.228,1,5
fixed_250,Q009,1,16.9933,1,1
fixed_250,Q009,3,18.5721,1,3
fixed_250,Q009,5,20.2633,1,5
fixed_250,Q010,1,21.5318,1,1
fixed_250,Q010,3,22.0819,1,3
fixed_250,Q010,5,21.7083,1,5
fixed_250,Q011,1,22.8705,1,1
fixed_250,Q011,3,21.0081,1,3
fixed_250,Q011,5,19.7795,1,5
fixed_250,Q012,1,20.0982,1,1
fixed_250,Q012,3,20.5177,1,3
fixed_250,Q012,5,18.397,1,5
fixed_250,Q013,1,21.5162,0,1
fixed_250,Q013,3,22.1287,0,3
fixed_250,Q013,5,19.5029,0,5
fixed_250,Q014,1,19.4086,1,1
fixed_250,Q014,3,21.8637,1,3
fixed_250,Q014,5,21.483,1,5
fixed_250,Q015,1,24.1446,0,1
fixed_250,Q015,3,23.8832,1,3
fixed_250,Q015,5,20.8658,1,5
fixed_250,Q016,1,19.4388,0,1
fixed_250,Q016,3,19.3573,1,3
fixed_250,Q016,5,19.3491,1,5
fixed_250,Q017,1,18.3416,1,1
fixed_250,Q017,3,17.0854,1,3
fixed_250,Q017,5,19.3103,1,5
fixed_250,Q018,1,19.4598,1,1
fixed_250,Q018,3,18.6712,1,3
fixed_250,Q018,5,19.0018,1,5
fixed_250,Q019,1,17.745,0,1
fixed_250,Q019,3,21.3784,0,3
fixed_250,Q019,5,18.7703,0,5
fixed_250,Q020,1,17.9901,0,1
fixed_250,Q020,3,18.236,0,3
fixed_250,Q020,5,18.9284,0,5
fixed_250,Q021,1,18.6338,0,1
fixed_250,Q021,3,18.3795,0,3
fixed_250,Q021,5,19.4315,0,5
fixed_250,Q022,1,18.6515,0,1
fixed_250,Q022,3,19.9299,0,3
fixed_250,Q022,5,21.3316,0,5
fixed_250,Q023,1,17.4427,0,1
fixed_250,Q023,3,19.0751,0,3
fixed_250,Q023,5,17.741,0,5
fixed_250,Q024,1,19.2394,0,1
fixed_250,Q024,3,17.9061,0,3
fixed_250,Q024,5,15.2942,0,5
fixed_250,Q025,1,17.9223,1,1
fixed_250,Q025,3,23.2615,1,3
fixed_250,Q025,5,17.1234,1,5
fixed_250,Q026,1,17.1556,1,1
fixed_250,Q026,3,18.2523,1,3
fixed_250,Q026,5,20.1805,1,5
fixed_250,Q027,1,22.2808,1,1
fixed_250,Q027,3,18.992,1,3
fixed_250,Q027,5,17.5601,1,5
fixed_250,Q028,1,20.6303,0,1
fixed_250,Q028,3,20.0435,0,3
fixed_250,Q028,5,19.3454,0,5
fixed_250,Q029,1,22.6373,1,1
fixed_250,Q029,3,23.9307,1,3
fixed_250,Q029,5,21.8706,1,5
fixed_250,Q030,1,21.4186,1,1
fixed_250,Q030,3,21.9537,1,3
fixed_250,Q030,5,21.8659,1,5
fixed_250,Q031,1,20.2614,0,1
fixed_250,Q031,3,19.1181,1,3
fixed_250,Q031,5,20.234,1,5
fixed_250,Q032,1,20.3997,1,1
fixed_250,Q032,3,18.7764,1,3
fixed_250,Q032,5,19.5108,1,5
fixed_250,Q033,1,28.7433,0,1
fixed_250,Q033,3,26.0811,0,3
fixed_250,Q033,5,25.5295,0,5
fixed_250,Q034,1,24.1417,0,1
fixed_250,Q034,3,23.4937,0,3
fixed_250,Q034,5,22.9275,0,5
fixed_250,Q035,1,18.5804,1,1
fixed_250,Q035,3,21.9439,1,3
fixed_250,Q035,5,18.0537,1,5
fixed_250,Q036,1,18.4676,1,1
fixed_250,Q036,3,19.2722,1,3
fixed_250,Q036,5,18.5377,1,5
fixed_250,Q037,1,21.3897,0,1
fixed_250,Q037,3,19.3571,1,3
fixed_250,Q037,5,18.6242,1,5
fixed_250,Q038,1,18.0843,1,1
fixed_250,Q038,3,18.197,1,3
fixed_250,Q038,5,17.3467,1,5
fixed_250,Q039,1,18.9885,0,1
fixed_250,Q039,3,24.1062,0,3
fixed_250,Q039,5,22.6584,0,5
fixed_250,Q040,1,27.946,0,1
fixed_250,Q040,3,22.3149,0,3
fixed_250,Q040,5,18.4255,0,5
fixed_250,Q041,1,16.9699,0,1
fixed_250,Q041,3,16.5062,0,3
fixed_250,Q041,5,18.6173,0,5
fixed_250,Q042,1,20.4289,1,1
fixed_250,Q042,3,20.5154,1,3
fixed_250,Q042,5,21.6091,1,5
fixed_250,Q043,1,18.7427,0,1
fixed_250,Q043,3,18.3795,1,3
fixed_250,Q043,5,17.5794,1,5
fixed_250,Q044,1,17.7663,0,1
fixed_250,Q044,3,21.3616,0,3
fixed_250,Q044,5,20.9533,0,5
fixed_250,Q045,1,19.91,0,1
fixed_250,Q045,3,19.5687,0,3
fixed_250,Q045,5,19.4268,0,5
fixed_250,Q046,1,19.6797,0,1
fixed_250,Q046,3,20.4952,0,3
fixed_250,Q046,5,21.0639,0,5
fixed_250,Q047,1,21.3417,0,1
fixed_250,Q047,3,22.7239,0,3
fixed_250,Q047,5,20.6965,0,5
fixed_250,Q048,1,21.772,0,1
fixed_250,Q048,3,21.2869,0,3
fixed_250,Q048,5,21.9504,0,5
fixed_250,Q049,1,19.6431,0,1
fixed_250,Q049,3,18.7135,0,3
fixed_250,Q049,5,17.9109,0,5
fixed_250,Q050,1,17.7124,1,1
fixed_250,Q050,3,19.0219,1,3
fixed_250,Q050,5,18.6753,1,5
fixed_250,Q051,1,14.9984,0,1
fixed_250,Q051,3,14.8842,0,3
fixed_250,Q051,5,17.5745,1,5
fixed_250,Q052,1,18.2756,0,1
fixed_250,Q052,3,16.5435,1,3
fixed_250,Q052,5,16.5601,1,5
fixed_250,Q053,1,17.036,1,1
fixed_250,Q053,3,18.19,1,3
fixed_250,Q053,5,17.8207,1,5
fixed_250,Q054,1,19.189,1,1
fixed_250,Q054,3,18.7796,1,3
fixed_250,Q054,5,18.2085,1,5
fixed_250,Q055,1,17.4409,0,1
fixed_250,Q055,3,17.6391,0,3
fixed_250,Q055,5,16.269,0,5
fixed_250,Q056,1,17.1778,0,1
fixed_250,Q056,3,16.8957,0,3
fixed_250,Q056,5,18.1802,0,5
fixed_250,Q057,1,18.5563,0,1
fixed_250,Q057,3,16.9364,0,3
fixed_250,Q057,5,18.5033,0,5
fixed_250,Q058,1,18.8255,0,1
fixed_250,Q058,3,18.9003,1,3
fixed_250,Q058,5,20.3578,1,5
fixed_250,Q059,1,17.2837,0,1
fixed_250,Q059,3,17.0195,1,3
fixed_250,Q059,5,19.0652,1,5
fixed_250,Q060,1,25.429,0,1
fixed_250,Q060,3,22.65,0,3
fixed_250,Q060,5,24.6843,0,5
fixed_250,Q061,1,22.05,0,1
fixed_250,Q061,3,20.2853,1,3
fixed_250,Q061,5,20.5435,1,5
fixed_250,Q062,1,20.3878,0,1
fixed_250,Q062,3,19.4769,0,3
fixed_250,Q062,5,20.0762,0,5
fixed_250,Q063,1,17.4997,0,1
fixed_250,Q063,3,19.2154,1,3
fixed_250,Q063,5,20.379,1,5
fixed_250,Q064,1,21.4784,1,1
fixed_250,Q064,3,27.7111,1,3
fixed_250,Q064,5,25.9894,1,5
fixed_250,Q065,1,37.771,1,1
fixed_250,Q065,3,22.9476,1,3
fixed_250,Q065,5,33.2012,1,5
fixed_250,Q066,1,22.6466,1,1
fixed_250,Q066,3,26.6278,1,3
fixed_250,Q066,5,23.8554,1,5
fixed_250,Q067,1,20.8068,0,1
fixed_250,Q067,3,17.7581,1,3
fixed_250,Q067,5,19.3057,1,5
fixed_250,Q068,1,20.2514,1,1
fixed_250,Q068,3,22.4509,1,3
fixed_250,Q068,5,18.3153,1,5
fixed_250,Q069,1,21.5463,0,1
fixed_250,Q069,3,25.7305,0,3
fixed_250,Q069,5,22.3909,0,5
fixed_250,Q070,1,19.4791,0,1
fixed_250,Q070,3,18.2157,0,3
fixed_250,Q070,5,21.1704,0,5
fixed_250,Q071,1,22.747,0,1
fixed_250,Q071,3,18.4628,0,3
fixed_250,Q071,5,20.6168,0,5
fixed_250,Q072,1,18.5348,0,1
fixed_250,Q072,3,22.2587,0,3
fixed_250,Q072,5,24.7179,0,5
fixed_250,Q073,1,24.5118,0,1
fixed_250,Q073,3,24.8567,0,3
fixed_250,Q073,5,24.3509,0,5
fixed_250,Q074,1,23.4532,0,1
fixed_250,Q074,3,24.3081,0,3
fixed_250,Q074,5,22.9568,1,5
fixed_250,Q075,1,25.7709,0,1
fixed_250,Q075,3,18.6394,1,3
fixed_250,Q075,5,17.9111,1,5
fixed_250,Q076,1,21.0911,0,1
fixed_250,Q076,3,21.237,0,3
fixed_250,Q076,5,21.7995,0,5
fixed_250,Q077,1,24.8601,0,1
fixed_250,Q077,3,23.5074,0,3
fixed_250,Q077,5,23.9248,0,5
fixed_250,Q078,1,20.1245,0,1
fixed_250,Q078,3,20.8928,1,3
fixed_250,Q078,5,19.0673,1,5
fixed_250,Q079,1,23.0918,0,1
fixed_250,Q079,3,22.9834,1,3
fixed_250,Q079,5,24.9491,1,5
fixed_250,Q080,1,23.2519,1,1
fixed_250,Q080,3,27.189,1,3
fixed_250,Q080,5,27.6123,1,5
fixed_500,Q001,1,25.5721,1,1
fixed_500,Q001,3,23.0778,1,3
fixed_500,Q001,5,24.1945,1,5
fixed_500,Q002,1,26.2042,0,1
fixed_500,Q002,3,27.0682,0,3
fixed_500,Q002,5,26.3247,0,5
fixed_500,Q003,1,24.8477,1,1
fixed_500,Q003,3,20.8168,1,3
fixed_500,Q003,5,22.3255,1,5
fixed_500,Q004,1,19.7741,1,1
fixed_500,Q004,3,20.1471,1,3
fixed_500,Q004,5,19.7188,1,5
fixed_500,Q005,1,17.7555,1,1
fixed_500,Q005,3,21.3308,1,3
fixed_500,Q005,5,20.3583,1,5
fixed_500,Q006,1,25.1607,0,1
fixed_500,Q006,3,19.5754,1,3
fixed_500,Q006,5,18.3153,1,5
fixed_500,Q007,1,18.9577,1,1
fixed_500,Q007,3,20.4431,1,3
fixed_500,Q007,5,18.8152,1,5
fixed_500,Q008,1,19.7746,1,1
fixed_500,Q008,3,18.8249,1,3
fixed_500,Q008,5,19.5402,1,5
fixed_500,Q009,1,19.2106,1,1
fixed_500,Q009,3,18.5451,1,3
fixed_500,Q009,5,18.0311,1,5
fixed_500,Q010,1,22.4387,1,1
fixed_500,Q010,3,23.7815,1,3
fixed_500,Q010,5,26.4692,1,5
fixed_500,Q011,1,21.555,0,1
fixed_500,Q011,3,21.5945,0,3
fixed_500,Q011,5,21.7645,1,5
fixed_500,Q012,1,23.3117,1,1
fixed_500,Q012,3,22.4664,1,3
fixed_500,Q012,5,22.4079,1,5
fixed_500,Q013,1,21.5934,0,1
fixed_500,Q013,3,22.8864,0,3
fixed_500,Q013,5,23.0391,0,5
fixed_500,Q014,1,21.6964,0,1
fixed_500,Q014,3,23.2126,0,3
fixed_500,Q014,5,22.2874,0,5
fixed_500,Q015,1,25.7773,0,1
fixed_500,Q015,3,23.4903,0,3
fixed_500,Q015,5,25.5091,0,5
fixed_500,Q016,1,22.287,1,1
fixed_500,Q016,3,22.9065,1,3
fixed_500,Q016,5,20.6645,1,5
fixed_500,Q017,1,18.9897,1,1
fixed_500,Q017,3,18.7743,1,3
fixed_500,Q017,5,19.4684,1,5
fixed_500,Q018,1,22.0077,1,1
fixed_500,Q018,3,18.851,1,3
fixed_500,Q018,5,22.8016,1,5
fixed_500,Q019,1,21.5412,0,1
fixed_500,Q019,3,23.7586,0,3
fixed_500,Q019,5,19.1788,0,5
fixed_500,Q020,1,19.7113,0,1
fixed_500,Q020,3,19.7595,0,3
fixed_500,Q020,5,19.0874,0,5
fixed_500,Q021,1,17.9975,0,1
fixed_500,Q021,3,19.7356,0,3
fixed_500,Q021,5,19.2674,0,5
fixed_500,Q022,1,23.6212,0,1
fixed_500,Q022,3,18.1034,0,3
fixed_500,Q022,5,19.4801,1,5
fixed_500,Q023,1,16.8942,0,1
fixed_500,Q023,3,17.8672,0,3
fixed_500,Q023,5,17.9047,0,5
fixed_500,Q024,1,15.7664,0,1
fixed_500,Q024,3,15.7568,0,3
fixed_500,Q024,5,18.5079,0,5
fixed_500,Q025,1,16.806,1,1
fixed_500,Q025,3,17.9143,1,3
fixed_500,Q025,5,18.4873,1,5
fixed_500,Q026,1,21.2867,1,1
fixed_500,Q026,3,19.359,1,3
fixed_500,Q026,5,19.7078,1,5
fixed_500,Q027,1,25.7068,1,1
fixed_500,Q027,3,21.7365,1,3
fixed_500,Q027,5,18.4942,1,5
fixed_500,Q028,1,21.8763,0,1
fixed_500,Q028,3,21.1326,0,3
fixed_500,Q028,5,20.5232,0,5
fixed_500,Q029,1,21.5859,1,1
fixed_500,Q029,3,22.8592,1,3
fixed_500,Q029,5,23.1302,1,5
fixed_500,Q030,1,22.1956,1,1
fixed_500,Q030,3,21.0056,1,3
fixed_500,Q030,5,20.3982,1,5
fixed_500,Q031,1,22.2212,0,1
fixed_500,Q031,3,21.036,0,3
fixed_500,Q031,5,22.3289,0,5
fixed_500,Q032,1,23.6512,1,1
fixed_500,Q032,3,21.1278,1,3
fixed_500,Q032,5,21.9365,1,5
fixed_500,Q033,1,21.6039,0,1
fixed_500,Q033,3,21.9776,0,3
fixed_500,Q033,5,19.5215,0,5
fixed_500,Q034,1,20.1553,0,1
fixed_500,Q034,3,23.1113,0,3
fixed_500,Q034,5,28.9998,0,5
fixed_500,Q035,1,28.7479,0,1
fixed_500,Q035,3,27.9147,1,3
fixed_500,Q035,5,25.933,1,5
fixed_500,Q036,1,24.3816,0,1
fixed_500,Q036,3,19.4129,0,3
fixed_500,Q036,5,22.4391,0,5
fixed_500,Q037,1,20.2756,1,1
fixed_500,Q037,3,19.54,1,3
fixed_500,Q037,5,19.3264,1,5
fixed_500,Q038,1,20.5689,0,1
fixed_500,Q038,3,19.6315,1,3
fixed_500,Q038,5,19.7479,1,5
fixed_500,Q039,1,18.5339,0,1
fixed_500,Q039,3,21.0809,0,3
fixed_500,Q039,5,22.8568,0,5
fixed_500,Q040,1,23.7039,0,1
fixed_500,Q040,3,24.6096,0,3
fixed_500,Q040,5,20.0449,0,5
fixed_500,Q041,1,19.1349,0,1
fixed_500,Q041,3,20.0658,0,3
fixed_500,Q041,5,21.1016,0,5
fixed_500,Q042,1,23.4696,1,1
fixed_500,Q042,3,23.0422,1,3
fixed_500,Q042,5,26.9337,1,5
fixed_500,Q043,1,21.4495,1,1
fixed_500,Q043,3,21.0439,1,3
fixed_500,Q043,5,22.7384,1,5
fixed_500,Q044,1,24.184,0,1
fixed_500,Q044,3,21.5073,0,3
fixed_500,Q044,5,21.3551,0,5
fixed_500,Q045,1,22.9407,0,1
fixed_500,Q045,3,20.7258,0,3
fixed_500,Q045,5,21.1757,0,5
fixed_500,Q046,1,22.6204,0,1
fixed_500,Q046,3,21.8631,0,3
fixed_500,Q046,5,22.4811,0,5
fixed_500,Q047,1,22.2082,0,1
fixed_500,Q047,3,19.5385,0,3
fixed_500,Q047,5,20.1839,0,5
fixed_500,Q048,1,24.4126,0,1
fixed_500,Q048,3,19.6514,0,3
fixed_500,Q048,5,17.866,1,5
fixed_500,Q049,1,17.9051,0,1
fixed_500,Q049,3,17.9744,0,3
fixed_500,Q049,5,15.8905,0,5
fixed_500,Q050,1,18.5039,1,1
fixed_500,Q050,3,21.8392,1,3
fixed_500,Q050,5,18.4591,1,5
fixed_500,Q051,1,16.52,0,1
fixed_500,Q051,3,17.0027,1,3
fixed_500,Q051,5,16.8731,1,5
fixed_500,Q052,1,20.2547,1,1
fixed_500,Q052,3,19.547,1,3
fixed_500,Q052,5,17.9628,1,5
fixed_500,Q053,1,19.0131,1,1
fixed_500,Q053,3,18.1059,1,3
fixed_500,Q053,5,22.4213,1,5
fixed_500,Q054,1,22.5641,1,1
fixed_500,Q054,3,21.9216,1,3
fixed_500,Q054,5,21.7372,1,5
fixed_500,Q055,1,17.5728,0,1
fixed_500,Q055,3,19.7687,0,3
fixed_500,Q055,5,16.7146,1,5
fixed_500,Q056,1,17.0889,0,1
fixed_500,Q056,3,17.8447,0,3
fixed_500,Q056,5,17.3105,0,5
fixed_500,Q057,1,17.4388,0,1
fixed_500,Q057,3,18.6867,0,3
fixed_500,Q057,5,22.3696,0,5
fixed_500,Q058,1,24.0842,0,1
fixed_500,Q058,3,20.5244,0,3
fixed_500,Q058,5,21.8258,0,5
fixed_500,Q059,1,19.6305,0,1
fixed_500,Q059,3,23.7387,1,3
fixed_500,Q059,5,21.6522,1,5
fixed_500,Q060,1,20.8165,0,1
fixed_500,Q060,3,24.2764,0,3
fixed_500,Q060,5,21.2878,0,5
fixed_500,Q061,1,19.5056,1,1
fixed_500,Q061,3,19.9653,1,3
fixed_500,Q061,5,20.3026,1,5
fixed_500,Q062,1,20.597,0,1
fixed_500,Q062,3,22.8408,0,3
fixed_500,Q062,5,20.8483,0,5
fixed_500,Q063,1,19.2298,1,1
fixed_500,Q063,3,20.5516,1,3
fixed_500,Q063,5,19.6962,1,5
fixed_500,Q064,1,19.0634,1,1
fixed_500,Q064,3,19.9969,1,3
fixed_500,Q064,5,20.7219,1,5
fixed_500,Q065,1,18.5213,1,1
fixed_500,Q065,3,17.7809,1,3
fixed_500,Q065,5,15.7101,1,5
fixed_500,Q066,1,19.0563,0,1
fixed_500,Q066,3,19.8335,1,3
fixed_500,Q066,5,18.344,1,5
fixed_500,Q067,1,19.1526,1,1
fixed_500,Q067,3,19.3254,1,3
fixed_500,Q067,5,18.2918,1,5
fixed_500,Q068,1,18.7507,1,1
fixed_500,Q068,3,17.442,1,3
fixed_500,Q068,5,17.7978,1,5
fixed_500,Q069,1,16.9789,0,1
fixed_500,Q069,3,16.5281,0,3
fixed_500,Q069,5,16.4531,0,5
fixed_500,Q070,1,17.3749,0,1
fixed_500,Q070,3,16.8415,0,3
fixed_500,Q070,5,18.1398,0,5
fixed_500,Q071,1,19.6367,0,1
fixed_500,Q071,3,17.7439,0,3
fixed_500,Q071,5,19.2831,0,5
fixed_500,Q072,1,18.7657,0,1
fixed_500,Q072,3,19.7803,0,3
fixed_500,Q072,5,19.5707,1,5
fixed_500,Q073,1,18.0158,0,1
fixed_500,Q073,3,18.7063,0,3
fixed_500,Q073,5,19.6533,0,5
fixed_500,Q074,1,23.6044,0,1
fixed_500,Q074,3,30.591,1,3
fixed_500,Q074,5,30.8717,1,5
fixed_500,Q075,1,28.1877,0,1
fixed_500,Q075,3,20.5835,1,3
fixed_500,Q075,5,19.9437,1,5
fixed_500,Q076,1,20.3156,0,1
fixed_500,Q076,3,26.6909,0,3
fixed_500,Q076,5,20.484,0,5
fixed_500,Q077,1,21.893,0,1
fixed_500,Q077,3,30.3566,0,3
fixed_500,Q077,5,26.0208,0,5
fixed_500,Q078,1,17.9596,0,1
fixed_500,Q078,3,17.3111,0,3
fixed_500,Q078,5,19.1164,1,5
fixed_500,Q079,1,21.1617,0,1
fixed_500,Q079,3,21.3282,0,3
fixed_500,Q079,5,18.4391,1,5
fixed_500,Q080,1,18.6029,0,1
fixed_500,Q080,3,19.0185,1,3
fixed_500,Q080,5,22.7356,1,5
fixed_750,Q001,1,22.1645,1,1
fixed_750,Q001,3,25.561,1,3
fixed_750,Q001,5,24.7529,1,5
fixed_750,Q002,1,21.6994,0,1
fixed_750,Q002,3,20.4092,0,3
fixed_750,Q002,5,21.565,1,5
fixed_750,Q003,1,21.3403,1,1
fixed_750,Q003,3,17.776,1,3
fixed_750,Q003,5,18.764,1,5
fixed_750,Q004,1,18.9536,0,1
fixed_750,Q004,3,18.7344,1,3
fixed_750,Q004,5,19.4357,1,5
fixed_750,Q005,1,17.1156,1,1
fixed_750,Q005,3,18.1756,1,3
fixed_750,Q005,5,17.84,1,5
fixed_750,Q006,1,20.1869,0,1
fixed_750,Q006,3,23.3774,1,3
fixed_750,Q006,5,18.4364,1,5
fixed_750,Q007,1,18.5148,1,1
fixed_750,Q007,3,17.7685,1,3
fixed_750,Q007,5,18.0186,1,5
fixed_750,Q008,1,19.6821,1,1
fixed_750,Q008,3,18.1692,1,3
fixed_750,Q008,5,17.9536,1,5
fixed_750,Q009,1,18.3327,0,1
fixed_750,Q009,3,17.8591,1,3
fixed_750,Q009,5,17.038,1,5
fixed_750,Q010,1,18.0586,1,1
fixed_750,Q010,3,18.9529,1,3
fixed_750,Q010,5,20.3831,1,5
fixed_750,Q011,1,20.103,1,1
fixed_750,Q011,3,20.7591,1,3
fixed_750,Q011,5,20.1321,1,5
fixed_750,Q012,1,20.1161,1,1
fixed_750,Q012,3,21.0509,1,3
fixed_750,Q012,5,20.5671,1,5
fixed_750,Q013,1,23.8095,0,1
fixed_750,Q013,3,24.8339,0,3
fixed_750,Q013,5,23.3782,0,5
fixed_750,Q014,1,23.2201,0,1
fixed_750,Q014,3,21.1041,0,3
fixed_750,Q014,5,21.5187,1,5
fixed_750,Q015,1,24.7555,0,1
fixed_750,Q015,3,23.8272,0,3
fixed_750,Q015,5,23.462,0,5
fixed_750,Q016,1,22.092,0,1
fixed_750,Q016,3,21.6393,1,3
fixed_750,Q016,5,21.8194,1,5
fixed_750,Q017,1,20.472,1,1
fixed_750,Q017,3,18.3759,1,3
fixed_750,Q017,5,19.9586,1,5
fixed_750,Q018,1,19.6056,1,1
fixed_750,Q018,3,19.5664,1,3
fixed_750,Q018,5,18.2712,1,5
fixed_750,Q019,1,16.8945,0,1
fixed_750,Q019,3,17.9866,0,3
fixed_750,Q019,5,16.2824,0,5
fixed_750,Q020,1,16.3083,0,1
fixed_750,Q020,3,16.8963,0,3
fixed_750,Q020,5,17.6672,0,5
fixed_750,Q021,1,18.1484,0,1
fixed_750,Q021,3,18.4093,0,3
fixed_750,Q021,5,17.9752,0,5
fixed_750,Q022,1,17.1521,0,1
fixed_750,Q022,3,16.2875,0,3
fixed_750,Q022,5,17.7577,1,5
fixed_750,Q023,1,17.0847,0,1
fixed_750,Q023,3,18.2837,0,3
fixed_750,Q023,5,23.0316,0,5
fixed_750,Q024,1,18.406,0,1
fixed_750,Q024,3,16.7354,0,3
fixed_750,Q024,5,16.1939,1,5
fixed_750,Q025,1,16.6178,1,1
fixed_750,Q025,3,17.3776,1,3
fixed_750,Q025,5,17.6378,1,5
fixed_750,Q026,1,15.5864,1,1
fixed_750,Q026,3,15.0987,1,3
fixed_750,Q026,5,16.0608,1,5
fixed_750,Q027,1,17.3785,1,1
fixed_750,Q027,3,14.9045,1,3
fixed_750,Q027,5,18.7883,1,5
fixed_750,Q028,1,21.1096,0,1
fixed_750,Q028,3,24.7761,0,3
fixed_750,Q028,5,20.2872,0,5
fixed_750,Q029,1,23.5423,1,1
fixed_750,Q029,3,24.6438,1,3
fixed_750,Q029,5,23.3507,1,5
fixed_750,Q030,1,23.5723,1,1
fixed_750,Q030,3,28.056,1,3
fixed_750,Q030,5,23.7079,1,5
fixed_750,Q031,1,24.1069,0,1
fixed_750,Q031,3,23.0554,0,3
fixed_750,Q031,5,22.4636,0,5
fixed_750,Q032,1,22.189,0,1
fixed_750,Q032,3,22.1406,0,3
fixed_750,Q032,5,21.8454,0,5
fixed_750,Q033,1,19.5157,0,1
fixed_750,Q033,3,20.7695,0,3
fixed_750,Q033,5,20.3799,0,5
fixed_750,Q034,1,20.1084,0,1
fixed_750,Q034,3,19.4829,0,3
fixed_750,Q034,5,20.4163,0,5
fixed_750,Q035,1,18.7789,0,1
fixed_750,Q035,3,18.5162,0,3
fixed_750,Q035,5,21.0195,0,5
fixed_750,Q036,1,17.27,0,1
fixed_750,Q036,3,16.6966,0,3
fixed_750,Q036,5,19.5686,0,5
fixed_750,Q037,1,16.8354,1,1
fixed_750,Q037,3,15.6541,1,3
fixed_750,Q037,5,18.1833,1,5
fixed_750,Q038,1,16.1314,1,1
fixed_750,Q038,3,15.877,1,3
fixed_750,Q038,5,21.435,1,5
fixed_750,Q039,1,21.0368,0,1
fixed_750,Q039,3,25.318,0,3
fixed_750,Q039,5,22.3183,0,5
fixed_750,Q040,1,27.5256,0,1
fixed_750,Q040,3,22.086,0,3
fixed_750,Q040,5,20.3849,0,5
fixed_750,Q041,1,17.248,0,1
fixed_750,Q041,3,16.7226,0,3
fixed_750,Q041,5,18.1515,0,5
fixed_750,Q042,1,19.3879,1,1
fixed_750,Q042,3,17.0791,1,3
fixed_750,Q042,5,19.1215,1,5
fixed_750,Q043,1,16.6155,1,1
fixed_750,Q043,3,19.574,1,3
fixed_750,Q043,5,27.2421,1,5
fixed_750,Q044,1,27.7991,0,1
fixed_750,Q044,3,26.5591,1,3
fixed_750,Q044,5,22.151,1,5
fixed_750,Q045,1,21.9622,0,1
fixed_750,Q045,3,21.2811,0,3
fixed_750,Q045,5,20.4583,0,5
fixed_750,Q046,1,20.4828,0,1
fixed_750,Q046,3,21.6589,0,3
fixed_750,Q046,5,25.929,0,5
fixed_750,Q047,1,24.0262,0,1
fixed_750,Q047,3,21.8054,0,3
fixed_750,Q047,5,20.931,1,5
fixed_750,Q048,1,21.7438,0,1
fixed_750,Q048,3,22.1879,0,3
fixed_750,Q048,5,20.595,0,5
fixed_750,Q049,1,19.8747,0,1
fixed_750,Q049,3,20.1781,0,3
fixed_750,Q049,5,21.936,0,5
fixed_750,Q050,1,21.3207,0,1
fixed_750,Q050,3,21.0442,1,3
fixed_750,Q050,5,21.8415,1,5
fixed_750,Q051,1,19.4785,1,1
fixed_750,Q051,3,16.8825,1,3
fixed_750,Q051,5,18.556,1,5
fixed_750,Q052,1,22.8467,0,1
fixed_750,Q052,3,19.1924,1,3
fixed_750,Q052,5,20.6655,1,5
fixed_750,Q053,1,19.7159,1,1
fixed_750,Q053,3,17.9677,1,3
fixed_750,Q053,5,17.6881,1,5
fixed_750,Q054,1,20.6845,1,1
fixed_750,Q054,3,18.8077,1,3
fixed_750,Q054,5,17.9408,1,5
fixed_750,Q055,1,16.2841,0,1
fixed_750,Q055,3,16.6433,0,3
fixed_750,Q055,5,15.9395,0,5
fixed_750,Q056,1,16.7326,0,1
fixed_750,Q056,3,16.2353,0,3
fixed_750,Q056,5,15.9107,0,5
fixed_750,Q057,1,18.4728,0,1
fixed_750,Q057,3,18.311,0,3
fixed_750,Q057,5,17.3947,0,5
fixed_750,Q058,1,17.9359,0,1
fixed_750,Q058,3,16.7061,0,3
fixed_750,Q058,5,16.9835,0,5
fixed_750,Q059,1,15.3371,1,1
fixed_750,Q059,3,15.3072,1,3
fixed_750,Q059,5,14.9288,1,5
fixed_750,Q060,1,17.1384,0,1
fixed_750,Q060,3,17.6276,0,3
fixed_750,Q060,5,25.8066,1,5
fixed_750,Q061,1,26.1215,1,1
fixed_750,Q061,3,20.9633,1,3
fixed_750,Q061,5,19.5656,1,5
fixed_750,Q062,1,26.6818,0,1
fixed_750,Q062,3,25.5799,0,3
fixed_750,Q062,5,21.0852,0,5
fixed_750,Q063,1,19.8014,1,1
fixed_750,Q063,3,19.8898,1,3
fixed_750,Q063,5,20.9793,1,5
fixed_750,Q064,1,28.1524,1,1
fixed_750,Q064,3,19.4757,1,3
fixed_750,Q064,5,19.3598,1,5
fixed_750,Q065,1,19.3529,0,1
fixed_750,Q065,3,19.3367,1,3
fixed_750,Q065,5,20.3471,1,5
fixed_750,Q066,1,19.8923,0,1
fixed_750,Q066,3,19.721,1,3
fixed_750,Q066,5,19.7097,1,5
fixed_750,Q067,1,26.0631,1,1
fixed_750,Q067,3,32.1104,1,3
fixed_750,Q067,5,22.0599,1,5
fixed_750,Q068,1,28.4537,0,1
fixed_750,Q068,3,19.055,1,3
fixed_750,Q068,5,18.6305,1,5
fixed_750,Q069,1,19.4989,0,1
fixed_750,Q069,3,17.5399,0,3
fixed_750,Q069,5,18.0568,0,5
fixed_750,Q070,1,19.6361,0,1
fixed_750,Q070,3,17.7501,0,3
fixed_750,Q070,5,16.1077,0,5
fixed_750,Q071,1,17.384,0,1
fixed_750,Q071,3,20.6809,0,3
fixed_750,Q071,5,21.8273,0,5
fixed_750,Q072,1,19.6716,0,1
fixed_750,Q072,3,17.598,1,3
fixed_750,Q072,5,17.9414,1,5
fixed_750,Q073,1,18.3814,0,1
fixed_750,Q073,3,18.5127,0,3
fixed_750,Q073,5,18.2086,0,5
fixed_750,Q074,1,19.2757,1,1
fixed_750,Q074,3,19.0924,1,3
fixed_750,Q074,5,18.3056,1,5
fixed_750,Q075,1,15.0467,1,1
fixed_750,Q075,3,14.6206,1,3
fixed_750,Q075,5,15.1844,1,5
fixed_750,Q076,1,17.3165,0,1
fixed_750,Q076,3,16.4537,1,3
fixed_750,Q076,5,16.3048,1,5
fixed_750,Q077,1,19.7165,0,1
fixed_750,Q077,3,21.4172,0,3
fixed_750,Q077,5,21.2639,0,5
fixed_750,Q078,1,19.9317,0,1
fixed_750,Q078,3,18.0949,0,3
fixed_750,Q078,5,18.9306,0,5
fixed_750,Q079,1,20.0135,0,1
fixed_750,Q079,3,20.6699,0,3
fixed_750,Q079,5,19.9894,1,5
fixed_750,Q080,1,20.7268,1,1
fixed_750,Q080,3,21.3756,1,3
fixed_750,Q080,5,20.7543,1,5
fixed_1000,Q001,1,26.1057,1,1
fixed_1000,Q001,3,22.527,1,3
fixed_1000,Q001,5,20.6892,1,5
fixed_1000,Q002,1,22.7468,1,1
fixed_1000,Q002,3,23.4767,1,3
fixed_1000,Q002,5,19.5064,1,5
fixed_1000,Q003,1,19.2368,1,1
fixed_1000,Q003,3,19.2702,1,3
fixed_1000,Q003,5,19.3786,1,5
fixed_1000,Q004,1,20.054,1,1
fixed_1000,Q004,3,18.4918,1,3
fixed_1000,Q004,5,20.4452,1,5
fixed_1000,Q005,1,21.5074,1,1
fixed_1000,Q005,3,22.8592,1,3
fixed_1000,Q005,5,27.1828,1,5
fixed_1000,Q006,1,40.6595,0,1
fixed_1000,Q006,3,25.887,1,3
fixed_1000,Q006,5,21.5703,1,5
fixed_1000,Q007,1,16.829,1,1
fixed_1000,Q007,3,16.0886,1,3
fixed_1000,Q007,5,16.8879,1,5
fixed_1000,Q008,1,16.4746,1,1
fixed_1000,Q008,3,17.455,1,3
fixed_1000,Q008,5,17.6448,1,5
fixed_1000,Q009,1,19.2582,0,1
fixed_1000,Q009,3,31.2483,1,3
fixed_1000,Q009,5,22.9401,1,5
fixed_1000,Q010,1,22.4454,1,1
fixed_1000,Q010,3,16.3604,1,3
fixed_1000,Q010,5,16.1467,1,5
fixed_1000,Q011,1,19.4028,0,1
fixed_1000,Q011,3,17.4506,1,3
fixed_1000,Q011,5,16.4382,1,5
fixed_1000,Q012,1,19.5242,1,1
fixed_1000,Q012,3,18.0229,1,3
fixed_1000,Q012,5,16.7034,1,5
fixed_1000,Q013,1,23.8456,0,1
fixed_1000,Q013,3,30.2154,0,3
fixed_1000,Q013,5,28.3081,0,5
fixed_1000,Q014,1,25.6813,0,1
fixed_1000,Q014,3,21.2472,0,3
fixed_1000,Q014,5,22.3331,1,5
fixed_1000,Q015,1,22.5268,0,1
fixed_1000,Q015,3,22.8456,0,3
fixed_1000,Q015,5,22.3462,0,5
fixed_1000,Q016,1,19.4037,0,1
fixed_1000,Q016,3,21.7636,1,3
fixed_1000,Q016,5,20.7675,1,5
fixed_1000,Q017,1,24.3752,1,1
fixed_1000,Q017,3,21.253,1,3
fixed_1000,Q017,5,17.4256,1,5
fixed_1000,Q018,1,21.3709,1,1
fixed_1000,Q018,3,19.6952,1,3
fixed_1000,Q018,5,21.3031,1,5
fixed_1000,Q019,1,18.3682,0,1
fixed_1000,Q019,3,17.9929,0,3
fixed_1000,Q019,5,18.6526,0,5
fixed_1000,Q020,1,17.5216,0,1
fixed_1000,Q020,3,18.3628,0,3
fixed_1000,Q020,5,18.5422,0,5
fixed_1000,Q021,1,18.8665,0,1
fixed_1000,Q021,3,18.1867,0,3
fixed_1000,Q021,5,17.7419,0,5
fixed_1000,Q022,1,17.1052,0,1
fixed_1000,Q022,3,17.0686,0,3
fixed_1000,Q022,5,16.7632,1,5
fixed_1000,Q023,1,17.5726,0,1
fixed_1000,Q023,3,17.3648,0,3
fixed_1000,Q023,5,17.4977,0,5
fixed_1000,Q024,1,15.587,0,1
fixed_1000,Q024,3,15.5267,0,3
fixed_1000,Q024,5,15.9952,1,5
fixed_1000,Q025,1,16.147,1,1
fixed_1000,Q025,3,16.0359,1,3
fixed_1000,Q025,5,17.0437,1,5
fixed_1000,Q026,1,17.5671,1,1
fixed_1000,Q026,3,18.3355,1,3
fixed_1000,Q026,5,18.845,1,5
fixed_1000,Q027,1,16.53,1,1
fixed_1000,Q027,3,15.168,1,3
fixed_1000,Q027,5,15.4974,1,5
fixed_1000,Q028,1,18.2519,0,1
fixed_1000,Q028,3,16.721,0,3
fixed_1000,Q028,5,17.5542,0,5
fixed_1000,Q029,1,17.4886,1,1
fixed_1000,Q029,3,18.3116,1,3
fixed_1000,Q029,5,17.821,1,5
fixed_1000,Q030,1,17.8248,1,1
fixed_1000,Q030,3,18.4826,1,3
fixed_1000,Q030,5,21.7986,1,5
fixed_1000,Q031,1,21.2788,0,1
fixed_1000,Q031,3,20.7196,0,3
fixed_1000,Q031,5,21.9322,0,5
fixed_1000,Q032,1,19.8922,0,1
fixed_1000,Q032,3,20.766,1,3
fixed_1000,Q032,5,21.1497,1,5
fixed_1000,Q033,1,21.5484,0,1
fixed_1000,Q033,3,18.3969,0,3
fixed_1000,Q033,5,18.6662,0,5
fixed_1000,Q034,1,19.3493,0,1
fixed_1000,Q034,3,21.2298,0,3
fixed_1000,Q034,5,19.8185,0,5
fixed_1000,Q035,1,19.0925,1,1
fixed_1000,Q035,3,25.2062,1,3
fixed_1000,Q035,5,21.7025,1,5
fixed_1000,Q036,1,20.8775,0,1
fixed_1000,Q036,3,19.5954,1,3
fixed_1000,Q036,5,18.6914,1,5
fixed_1000,Q037,1,20.6586,1,1
fixed_1000,Q037,3,19.18,1,3
fixed_1000,Q037,5,17.2506,1,5
fixed_1000,Q038,1,17.077,1,1
fixed_1000,Q038,3,17.7011,1,3
fixed_1000,Q038,5,18.3066,1,5
fixed_1000,Q039,1,17.734,0,1
fixed_1000,Q039,3,18.9521,0,3
fixed_1000,Q039,5,19.4018,0,5
fixed_1000,Q040,1,20.2255,0,1
fixed_1000,Q040,3,18.9845,0,3
fixed_1000,Q040,5,21.7003,0,5
fixed_1000,Q041,1,19.9101,0,1
fixed_1000,Q041,3,18.4761,0,3
fixed_1000,Q041,5,16.6566,0,5
fixed_1000,Q042,1,18.6139,1,1
fixed_1000,Q042,3,19.4574,1,3
fixed_1000,Q042,5,19.4749,1,5
fixed_1000,Q043,1,17.7462,1,1
fixed_1000,Q043,3,16.9057,1,3
fixed_1000,Q043,5,17.1116,1,5
fixed_1000,Q044,1,17.3652,1,1
fixed_1000,Q044,3,18.6523,1,3
fixed_1000,Q044,5,20.1056,1,5
fixed_1000,Q045,1,21.8118,0,1
fixed_1000,Q045,3,22.3695,0,3
fixed_1000,Q045,5,24.036,0,5
fixed_1000,Q046,1,23.0073,0,1
fixed_1000,Q046,3,23.7095,0,3
fixed_1000,Q046,5,19.3706,0,5
fixed_1000,Q047,1,16.3124,0,1
fixed_1000,Q047,3,18.8276,1,3
fixed_1000,Q047,5,17.8065,1,5
fixed_1000,Q048,1,19.3944,0,1
fixed_1000,Q048,3,23.5653,0,3
fixed_1000,Q048,5,29.4263,1,5
fixed_1000,Q049,1,31.417,0,1
fixed_1000,Q049,3,20.8411,0,3
fixed_1000,Q049,5,17.1094,0,5
fixed_1000,Q050,1,18.7199,1,1
fixed_1000,Q050,3,17.0644,1,3
fixed_1000,Q050,5,18.8629,1,5
fixed_1000,Q051,1,17.4156,0,1
fixed_1000,Q051,3,17.8168,1,3
fixed_1000,Q051,5,16.353,1,5
fixed_1000,Q052,1,17.3536,1,1
fixed_1000,Q052,3,18.6893,1,3
fixed_1000,Q052,5,20.6013,1,5
fixed_1000,Q053,1,17.5564,1,1
fixed_1000,Q053,3,16.5336,1,3
fixed_1000,Q053,5,20.1596,1,5
fixed_1000,Q054,1,19.4744,1,1
fixed_1000,Q054,3,18.0931,1,3
fixed_1000,Q054,5,18.0447,1,5
fixed_1000,Q055,1,17.995,0,1
fixed_1000,Q055,3,16.5852,0,3
fixed_1000,Q055,5,16.4324,0,5
fixed_1000,Q056,1,16.9352,0,1
fixed_1000,Q056,3,21.3606,0,3
fixed_1000,Q056,5,21.1963,0,5
fixed_1000,Q057,1,18.3813,0,1
fixed_1000,Q057,3,17.6065,0,3
fixed_1000,Q057,5,18.7387,0,5
fixed_1000,Q058,1,19.3342,0,1
fixed_1000,Q058,3,18.0284,0,3
fixed_1000,Q058,5,17.718,0,5
fixed_1000,Q059,1,15.4266,0,1
fixed_1000,Q059,3,14.6338,0,3
fixed_1000,Q059,5,14.4308,1,5
fixed_1000,Q060,1,17.9031,0,1
fixed_1000,Q060,3,17.1291,0,3
fixed_1000,Q060,5,16.9045,0,5
fixed_1000,Q061,1,19.3263,1,1
fixed_1000,Q061,3,17.4491,1,3
fixed_1000,Q061,5,19.9216,1,5
fixed_1000,Q062,1,18.6453,0,1
fixed_1000,Q062,3,16.8747,0,3
fixed_1000,Q062,5,16.448,0,5
fixed_1000,Q063,1,16.2393,1,1
fixed_1000,Q063,3,16.3971,1,3
fixed_1000,Q063,5,16.5315,1,5
fixed_1000,Q064,1,17.8633,1,1
fixed_1000,Q064,3,19.5276,1,3
fixed_1000,Q064,5,19.0113,1,5
fixed_1000,Q065,1,17.9759,0,1
fixed_1000,Q065,3,20.7035,1,3
fixed_1000,Q065,5,22.0222,1,5
fixed_1000,Q066,1,19.2909,0,1
fixed_1000,Q066,3,18.8583,1,3
fixed_1000,Q066,5,19.3234,1,5
fixed_1000,Q067,1,18.5298,1,1
fixed_1000,Q067,3,20.2305,1,3
fixed_1000,Q067,5,18.3722,1,5
fixed_1000,Q068,1,18.4379,1,1
fixed_1000,Q068,3,20.3265,1,3
fixed_1000,Q068,5,18.1286,1,5
fixed_1000,Q069,1,18.4239,0,1
fixed_1000,Q069,3,21.0791,0,3
fixed_1000,Q069,5,18.1227,0,5
fixed_1000,Q070,1,22.6514,0,1
fixed_1000,Q070,3,23.9376,0,3
fixed_1000,Q070,5,22.3036,0,5
fixed_1000,Q071,1,25.242,0,1
fixed_1000,Q071,3,20.8478,0,3
fixed_1000,Q071,5,21.2622,1,5
fixed_1000,Q072,1,23.303,0,1
fixed_1000,Q072,3,21.025,1,3
fixed_1000,Q072,5,19.5045,1,5
fixed_1000,Q073,1,20.6988,0,1
fixed_1000,Q073,3,20.3544,0,3
fixed_1000,Q073,5,18.311,0,5
fixed_1000,Q074,1,20.1518,1,1
fixed_1000,Q074,3,20.6001,1,3
fixed_1000,Q074,5,20.974,1,5
fixed_1000,Q075,1,17.0224,1,1
fixed_1000,Q075,3,16.1119,1,3
fixed_1000,Q075,5,14.8413,1,5
fixed_1000,Q076,1,16.5059,0,1
fixed_1000,Q076,3,16.7757,1,3
fixed_1000,Q076,5,17.6905,1,5
fixed_1000,Q077,1,18.9032,0,1
fixed_1000,Q077,3,18.2679,0,3
fixed_1000,Q077,5,18.0285,0,5
fixed_1000,Q078,1,14.6313,0,1
fixed_1000,Q078,3,14.4504,0,3
fixed_1000,Q078,5,16.4681,0,5
fixed_1000,Q079,1,18.7771,0,1
fixed_1000,Q079,3,16.6572,0,3
fixed_1000,Q079,5,18.5347,1,5
fixed_1000,Q080,1,22.9766,1,1
fixed_1000,Q080,3,24.001,1,3
fixed_1000,Q080,5,22.1309,1,5
fixed_500_overlap_0,Q001,1,32.284,1,1
fixed_500_overlap_0,Q001,3,25.2636,1,3
fixed_500_overlap_0,Q001,5,21.7971,1,5
fixed_500_overlap_0,Q002,1,27.8989,0,1
fixed_500_overlap_0,Q002,3,26.6504,0,3
fixed_500_overlap_0,Q002,5,29.0573,1,5
fixed_500_overlap_0,Q003,1,32.9298,1,1
fixed_500_overlap_0,Q003,3,23.4653,1,3
fixed_500_overlap_0,Q003,5,19.8594,1,5
fixed_500_overlap_0,Q004,1,20.4428,1,1
fixed_500_overlap_0,Q004,3,21.2025,1,3
fixed_500_overlap_0,Q004,5,20.2235,1,5
fixed_500_overlap_0,Q005,1,20.9708,1,1
fixed_500_overlap_0,Q005,3,29.7066,1,3
fixed_500_overlap_0,Q005,5,35.8518,1,5
fixed_500_overlap_0,Q006,1,64.1126,0,1
fixed_500_overlap_0,Q006,3,44.1383,1,3
fixed_500_overlap_0,Q006,5,27.2285,1,5
fixed_500_overlap_0,Q007,1,30.5137,1,1
fixed_500_overlap_0,Q007,3,40.9001,1,3
fixed_500_overlap_0,Q007,5,35.199,1,5
fixed_500_overlap_0,Q008,1,35.754,1,1
fixed_500_overlap_0,Q008,3,48.4163,1,3
fixed_500_overlap_0,Q008,5,24.0718,1,5
fixed_500_overlap_0,Q009,1,24.7928,0,1
fixed_500_overlap_0,Q009,3,19.1138,1,3
fixed_500_overlap_0,Q009,5,15.9756,1,5
fixed_500_overlap_0,Q010,1,17.3825,1,1
fixed_500_overlap_0,Q010,3,17.0389,1,3
fixed_500_overlap_0,Q010,5,19.981,1,5
fixed_500_overlap_0,Q011,1,21.6811,0,1
fixed_500_overlap_0,Q011,3,17.0342,0,3
fixed_500_overlap_0,Q011,5,17.2815,1,5
fixed_500_overlap_0,Q012,1,16.715,1,1
fixed_500_overlap_0,Q012,3,17.4121,1,3
fixed_500_overlap_0,Q012,5,18.1853,1,5
fixed_500_overlap_0,Q013,1,17.825,0,1
fixed_500_overlap_0,Q013,3,18.7562,0,3
fixed_500_overlap_0,Q013,5,18.3466,0,5
fixed_500_overlap_0,Q014,1,18.3894,0,1
fixed_500_overlap_0,Q014,3,18.2401,0,3
fixed_500_overlap_0,Q014,5,18.9791,1,5
fixed_500_overlap_0,Q015,1,30.4723,0,1
fixed_500_overlap_0,Q015,3,27.7772,0,3
fixed_500_overlap_0,Q015,5,28.0955,0,5
fixed_500_overlap_0,Q016,1,37.4998,1,1
fixed_500_overlap_0,Q016,3,24.821,1,3
fixed_500_overlap_0,Q016,5,25.3644,1,5
fixed_500_overlap_0,Q017,1,35.2082,1,1
fixed_500_overlap_0,Q017,3,62.1847,1,3
fixed_500_overlap_0,Q017,5,55.692,1,5
fixed_500_overlap_0,Q018,1,33.707,1,1
fixed_500_overlap_0,Q018,3,20.8202,1,3
fixed_500_overlap_0,Q018,5,20.4265,1,5
fixed_500_overlap_0,Q019,1,26.5641,0,1
fixed_500_overlap_0,Q019,3,23.1298,0,3
fixed_500_overlap_0,Q019,5,20.541,0,5
fixed_500_overlap_0,Q020,1,19.7565,0,1
fixed_500_overlap_0,Q020,3,25.9464,0,3
fixed_500_overlap_0,Q020,5,29.33,0,5
fixed_500_overlap_0,Q021,1,22.2787,0,1
fixed_500_overlap_0,Q021,3,21.2174,0,3
fixed_500_overlap_0,Q021,5,20.4351,0,5
fixed_500_overlap_0,Q022,1,17.9712,0,1
fixed_500_overlap_0,Q022,3,19.1485,0,3
fixed_500_overlap_0,Q022,5,15.6138,1,5
fixed_500_overlap_0,Q023,1,17.1762,0,1
fixed_500_overlap_0,Q023,3,17.1369,0,3
fixed_500_overlap_0,Q023,5,19.786,0,5
fixed_500_overlap_0,Q024,1,21.5836,0,1
fixed_500_overlap_0,Q024,3,22.8085,0,3
fixed_500_overlap_0,Q024,5,21.8882,1,5
fixed_500_overlap_0,Q025,1,21.4732,1,1
fixed_500_overlap_0,Q025,3,16.9281,1,3
fixed_500_overlap_0,Q025,5,16.9845,1,5
fixed_500_overlap_0,Q026,1,14.9667,1,1
fixed_500_overlap_0,Q026,3,16.2775,1,3
fixed_500_overlap_0,Q026,5,14.9052,1,5
fixed_500_overlap_0,Q027,1,16.0189,1,1
fixed_500_overlap_0,Q027,3,15.4189,1,3
fixed_500_overlap_0,Q027,5,14.9501,1,5
fixed_500_overlap_0,Q028,1,16.4343,0,1
fixed_500_overlap_0,Q028,3,17.5752,0,3
fixed_500_overlap_0,Q028,5,16.6374,0,5
fixed_500_overlap_0,Q029,1,19.2022,1,1
fixed_500_overlap_0,Q029,3,23.1239,1,3
fixed_500_overlap_0,Q029,5,22.8157,1,5
fixed_500_overlap_0,Q030,1,20.5598,1,1
fixed_500_overlap_0,Q030,3,20.5847,1,3
fixed_500_overlap_0,Q030,5,20.3222,1,5
fixed_500_overlap_0,Q031,1,19.9901,0,1
fixed_500_overlap_0,Q031,3,20.2215,0,3
fixed_500_overlap_0,Q031,5,19.4162,0,5
fixed_500_overlap_0,Q032,1,20.9064,1,1
fixed_500_overlap_0,Q032,3,21.0704,1,3
fixed_500_overlap_0,Q032,5,20.8215,1,5
fixed_500_overlap_0,Q033,1,22.4037,0,1
fixed_500_overlap_0,Q033,3,19.235,0,3
fixed_500_overlap_0,Q033,5,19.2263,0,5
fixed_500_overlap_0,Q034,1,22.3545,0,1
fixed_500_overlap_0,Q034,3,28.7917,0,3
fixed_500_overlap_0,Q034,5,23.408,0,5
fixed_500_overlap_0,Q035,1,22.5919,1,1
fixed_500_overlap_0,Q035,3,24.4387,1,3
fixed_500_overlap_0,Q035,5,36.7427,1,5
fixed_500_overlap_0,Q036,1,27.8947,1,1
fixed_500_overlap_0,Q036,3,25.0296,1,3
fixed_500_overlap_0,Q036,5,23.0393,1,5
fixed_500_overlap_0,Q037,1,25.5328,0,1
fixed_500_overlap_0,Q037,3,29.3357,1,3
fixed_500_overlap_0,Q037,5,22.1792,1,5
fixed_500_overlap_0,Q038,1,16.8683,0,1
fixed_500_overlap_0,Q038,3,17.9396,1,3
fixed_500_overlap_0,Q038,5,16.9252,1,5
fixed_500_overlap_0,Q039,1,15.4232,0,1
fixed_500_overlap_0,Q039,3,15.3986,0,3
fixed_500_overlap_0,Q039,5,17.6094,0,5
fixed_500_overlap_0,Q040,1,15.9791,0,1
fixed_500_overlap_0,Q040,3,16.6842,0,3
fixed_500_overlap_0,Q040,5,16.1206,0,5
fixed_500_overlap_0,Q041,1,17.9683,0,1
fixed_500_overlap_0,Q041,3,16.9739,0,3
fixed_500_overlap_0,Q041,5,16.0506,0,5
fixed_500_overlap_0,Q042,1,17.7645,1,1
fixed_500_overlap_0,Q042,3,16.4051,1,3
fixed_500_overlap_0,Q042,5,15.9539,1,5
fixed_500_overlap_0,Q043,1,16.0275,1,1
fixed_500_overlap_0,Q043,3,15.7832,1,3
fixed_500_overlap_0,Q043,5,16.0864,1,5
fixed_500_overlap_0,Q044,1,16.9085,0,1
fixed_500_overlap_0,Q044,3,16.8,0,3
fixed_500_overlap_0,Q044,5,15.8853,0,5
fixed_500_overlap_0,Q045,1,17.5774,0,1
fixed_500_overlap_0,Q045,3,21.4445,0,3
fixed_500_overlap_0,Q045,5,23.17,0,5
fixed_500_overlap_0,Q046,1,27.9916,0,1
fixed_500_overlap_0,Q046,3,24.9795,0,3
fixed_500_overlap_0,Q046,5,26.0383,0,5
fixed_500_overlap_0,Q047,1,19.4618,0,1
fixed_500_overlap_0,Q047,3,17.2462,0,3
fixed_500_overlap_0,Q047,5,19.0126,0,5
fixed_500_overlap_0,Q048,1,28.4439,0,1
fixed_500_overlap_0,Q048,3,26.2149,0,3
fixed_500_overlap_0,Q048,5,26.4381,1,5
fixed_500_overlap_0,Q049,1,18.8926,0,1
fixed_500_overlap_0,Q049,3,18.8603,0,3
fixed_500_overlap_0,Q049,5,19.0474,0,5
fixed_500_overlap_0,Q050,1,20.9244,1,1
fixed_500_overlap_0,Q050,3,19.1857,1,3
fixed_500_overlap_0,Q050,5,19.3829,1,5
fixed_500_overlap_0,Q051,1,17.7632,0,1
fixed_500_overlap_0,Q051,3,17.5814,1,3
fixed_500_overlap_0,Q051,5,18.2488,1,5
fixed_500_overlap_0,Q052,1,20.5396,1,1
fixed_500_overlap_0,Q052,3,21.3165,1,3
fixed_500_overlap_0,Q052,5,23.5115,1,5
fixed_500_overlap_0,Q053,1,23.2784,1,1
fixed_500_overlap_0,Q053,3,21.2488,1,3
fixed_500_overlap_0,Q053,5,18.5668,1,5
fixed_500_overlap_0,Q054,1,19.9916,1,1
fixed_500_overlap_0,Q054,3,18.6964,1,3
fixed_500_overlap_0,Q054,5,18.8322,1,5
fixed_500_overlap_0,Q055,1,16.7213,0,1
fixed_500_overlap_0,Q055,3,17.7522,0,3
fixed_500_overlap_0,Q055,5,17.4625,0,5
fixed_500_overlap_0,Q056,1,16.4517,0,1
fixed_500_overlap_0,Q056,3,16.192,0,3
fixed_500_overlap_0,Q056,5,16.7611,0,5
fixed_500_overlap_0,Q057,1,19.5478,0,1
fixed_500_overlap_0,Q057,3,18.2546,0,3
fixed_500_overlap_0,Q057,5,17.0443,0,5
fixed_500_overlap_0,Q058,1,17.6484,0,1
fixed_500_overlap_0,Q058,3,17.9514,0,3
fixed_500_overlap_0,Q058,5,18.0144,0,5
fixed_500_overlap_0,Q059,1,18.0601,0,1
fixed_500_overlap_0,Q059,3,16.9997,0,3
fixed_500_overlap_0,Q059,5,14.9345,1,5
fixed_500_overlap_0,Q060,1,16.3651,0,1
fixed_500_overlap_0,Q060,3,17.4381,0,3
fixed_500_overlap_0,Q060,5,16.8035,0,5
fixed_500_overlap_0,Q061,1,14.9626,1,1
fixed_500_overlap_0,Q061,3,16.1577,1,3
fixed_500_overlap_0,Q061,5,15.9662,1,5
fixed_500_overlap_0,Q062,1,18.2219,0,1
fixed_500_overlap_0,Q062,3,16.5045,0,3
fixed_500_overlap_0,Q062,5,16.0503,0,5
fixed_500_overlap_0,Q063,1,17.7974,1,1
fixed_500_overlap_0,Q063,3,17.1661,1,3
fixed_500_overlap_0,Q063,5,16.8571,1,5
fixed_500_overlap_0,Q064,1,17.6441,1,1
fixed_500_overlap_0,Q064,3,18.3412,1,3
fixed_500_overlap_0,Q064,5,17.884,1,5
fixed_500_overlap_0,Q065,1,17.8942,1,1
fixed_500_overlap_0,Q065,3,17.61,1,3
fixed_500_overlap_0,Q065,5,17.394,1,5
fixed_500_overlap_0,Q066,1,17.1572,0,1
fixed_500_overlap_0,Q066,3,16.3417,1,3
fixed_500_overlap_0,Q066,5,16.8629,1,5
fixed_500_overlap_0,Q067,1,18.8223,1,1
fixed_500_overlap_0,Q067,3,18.2359,1,3
fixed_500_overlap_0,Q067,5,17.4691,1,5
fixed_500_overlap_0,Q068,1,17.8795,1,1
fixed_500_overlap_0,Q068,3,18.2984,1,3
fixed_500_overlap_0,Q068,5,17.8597,1,5
fixed_500_overlap_0,Q069,1,18.4261,0,1
fixed_500_overlap_0,Q069,3,17.7223,0,3
fixed_500_overlap_0,Q069,5,17.0552,0,5
fixed_500_overlap_0,Q070,1,17.4627,0,1
fixed_500_overlap_0,Q070,3,17.2201,0,3
fixed_500_overlap_0,Q070,5,18.038,0,5
fixed_500_overlap_0,Q071,1,20.532,0,1
fixed_500_overlap_0,Q071,3,19.8876,0,3
fixed_500_overlap_0,Q071,5,18.5275,0,5
fixed_500_overlap_0,Q072,1,23.8121,0,1
fixed_500_overlap_0,Q072,3,22.7255,0,3
fixed_500_overlap_0,Q072,5,28.5742,1,5
fixed_500_overlap_0,Q073,1,24.864,0,1
fixed_500_overlap_0,Q073,3,28.9817,0,3
fixed_500_overlap_0,Q073,5,19.2863,0,5
fixed_500_overlap_0,Q074,1,18.3184,0,1
fixed_500_overlap_0,Q074,3,18.1511,1,3
fixed_500_overlap_0,Q074,5,18.0602,1,5
fixed_500_overlap_0,Q075,1,16.4547,0,1
fixed_500_overlap_0,Q075,3,16.8005,1,3
fixed_500_overlap_0,Q075,5,15.4202,1,5
fixed_500_overlap_0,Q076,1,17.3425,0,1
fixed_500_overlap_0,Q076,3,16.1992,0,3
fixed_500_overlap_0,Q076,5,16.546,1,5
fixed_500_overlap_0,Q077,1,17.6294,0,1
fixed_500_overlap_0,Q077,3,18.0052,0,3
fixed_500_overlap_0,Q077,5,17.0545,0,5
fixed_500_overlap_0,Q078,1,13.9819,0,1
fixed_500_overlap_0,Q078,3,15.122,0,3
fixed_500_overlap_0,Q078,5,16.1477,1,5
fixed_500_overlap_0,Q079,1,16.9043,0,1
fixed_500_overlap_0,Q079,3,17.0106,0,3
fixed_500_overlap_0,Q079,5,15.6639,1,5
fixed_500_overlap_0,Q080,1,17.1819,0,1
fixed_500_overlap_0,Q080,3,20.0948,1,3
fixed_500_overlap_0,Q080,5,18.9452,1,5
fixed_500_overlap_25,Q001,1,17.0501,1,1
fixed_500_overlap_25,Q001,3,18.7611,1,3
fixed_500_overlap_25,Q001,5,18.0162,1,5
fixed_500_overlap_25,Q002,1,19.4785,0,1
fixed_500_overlap_25,Q002,3,18.2307,0,3
fixed_500_overlap_25,Q002,5,18.2093,1,5
fixed_500_overlap_25,Q003,1,19.9948,1,1
fixed_500_overlap_25,Q003,3,19.2956,1,3
fixed_500_overlap_25,Q003,5,19.4379,1,5
fixed_500_overlap_25,Q004,1,19.2896,1,1
fixed_500_overlap_25,Q004,3,19.2538,1,3
fixed_500_overlap_25,Q004,5,19.2909,1,5
fixed_500_overlap_25,Q005,1,18.1986,1,1
fixed_500_overlap_25,Q005,3,18.4846,1,3
fixed_500_overlap_25,Q005,5,17.864,1,5
fixed_500_overlap_25,Q006,1,20.0147,0,1
fixed_500_overlap_25,Q006,3,19.8725,1,3
fixed_500_overlap_25,Q006,5,20.5806,1,5
fixed_500_overlap_25,Q007,1,27.1782,1,1
fixed_500_overlap_25,Q007,3,45.4291,1,3
fixed_500_overlap_25,Q007,5,34.4939,1,5
fixed_500_overlap_25,Q008,1,23.99,1,1
fixed_500_overlap_25,Q008,3,25.3274,1,3
fixed_500_overlap_25,Q008,5,30.2344,1,5
fixed_500_overlap_25,Q009,1,24.0286,1,1
fixed_500_overlap_25,Q009,3,22.1049,1,3
fixed_500_overlap_25,Q009,5,18.8627,1,5
fixed_500_overlap_25,Q010,1,21.1073,1,1
fixed_500_overlap_25,Q010,3,19.6966,1,3
fixed_500_overlap_25,Q010,5,19.1895,1,5
fixed_500_overlap_25,Q011,1,18.0059,0,1
fixed_500_overlap_25,Q011,3,20.0264,0,3
fixed_500_overlap_25,Q011,5,17.0225,1,5
fixed_500_overlap_25,Q012,1,17.2482,1,1
fixed_500_overlap_25,Q012,3,16.5682,1,3
fixed_500_overlap_25,Q012,5,19.3143,1,5
fixed_500_overlap_25,Q013,1,20.7659,0,1
fixed_500_overlap_25,Q013,3,23.1188,0,3
fixed_500_overlap_25,Q013,5,18.0827,0,5
fixed_500_overlap_25,Q014,1,19.4174,0,1
fixed_500_overlap_25,Q014,3,17.0648,0,3
fixed_500_overlap_25,Q014,5,16.8875,0,5
fixed_500_overlap_25,Q015,1,19.4324,0,1
fixed_500_overlap_25,Q015,3,19.4812,0,3
fixed_500_overlap_25,Q015,5,19.2401,0,5
fixed_500_overlap_25,Q016,1,17.7849,1,1
fixed_500_overlap_25,Q016,3,17.4063,1,3
fixed_500_overlap_25,Q016,5,16.1315,1,5
fixed_500_overlap_25,Q017,1,15.6948,1,1
fixed_500_overlap_25,Q017,3,17.8211,1,3
fixed_500_overlap_25,Q017,5,19.853,1,5
fixed_500_overlap_25,Q018,1,18.8373,1,1
fixed_500_overlap_25,Q018,3,18.1555,1,3
fixed_500_overlap_25,Q018,5,18.7338,1,5
fixed_500_overlap_25,Q019,1,17.8019,0,1
fixed_500_overlap_25,Q019,3,17.3629,0,3
fixed_500_overlap_25,Q019,5,17.734,0,5
fixed_500_overlap_25,Q020,1,17.9523,0,1
fixed_500_overlap_25,Q020,3,18.0247,0,3
fixed_500_overlap_25,Q020,5,19.9523,0,5
fixed_500_overlap_25,Q021,1,21.2995,0,1
fixed_500_overlap_25,Q021,3,20.1164,0,3
fixed_500_overlap_25,Q021,5,20.0939,0,5
fixed_500_overlap_25,Q022,1,18.311,0,1
fixed_500_overlap_25,Q022,3,23.616,0,3
fixed_500_overlap_25,Q022,5,17.9064,1,5
fixed_500_overlap_25,Q023,1,17.7463,0,1
fixed_500_overlap_25,Q023,3,19.6192,0,3
fixed_500_overlap_25,Q023,5,18.9032,0,5
fixed_500_overlap_25,Q024,1,15.9639,0,1
fixed_500_overlap_25,Q024,3,17.1902,0,3
fixed_500_overlap_25,Q024,5,16.1013,0,5
fixed_500_overlap_25,Q025,1,17.3024,1,1
fixed_500_overlap_25,Q025,3,17.0613,1,3
fixed_500_overlap_25,Q025,5,16.8908,1,5
fixed_500_overlap_25,Q026,1,16.2642,1,1
fixed_500_overlap_25,Q026,3,17.6996,1,3
fixed_500_overlap_25,Q026,5,16.6954,1,5
fixed_500_overlap_25,Q027,1,19.0039,1,1
fixed_500_overlap_25,Q027,3,18.7691,1,3
fixed_500_overlap_25,Q027,5,15.2835,1,5
fixed_500_overlap_25,Q028,1,17.8404,0,1
fixed_500_overlap_25,Q028,3,16.4632,0,3
fixed_500_overlap_25,Q028,5,17.4468,0,5
fixed_500_overlap_25,Q029,1,19.0818,1,1
fixed_500_overlap_25,Q029,3,20.0024,1,3
fixed_500_overlap_25,Q029,5,18.2331,1,5
fixed_500_overlap_25,Q030,1,17.0284,1,1
fixed_500_overlap_25,Q030,3,18.9505,1,3
fixed_500_overlap_25,Q030,5,17.9698,1,5
fixed_500_overlap_25,Q031,1,16.3809,0,1
fixed_500_overlap_25,Q031,3,17.6722,0,3
fixed_500_overlap_25,Q031,5,16.4103,0,5
fixed_500_overlap_25,Q032,1,30.2747,1,1
fixed_500_overlap_25,Q032,3,26.2961,1,3
fixed_500_overlap_25,Q032,5,22.9495,1,5
fixed_500_overlap_25,Q033,1,25.0337,0,1
fixed_500_overlap_25,Q033,3,16.4217,0,3
fixed_500_overlap_25,Q033,5,16.8214,0,5
fixed_500_overlap_25,Q034,1,17.9419,0,1
fixed_500_overlap_25,Q034,3,17.8032,0,3
fixed_500_overlap_25,Q034,5,16.3368,0,5
fixed_500_overlap_25,Q035,1,17.7543,1,1
fixed_500_overlap_25,Q035,3,19.3869,1,3
fixed_500_overlap_25,Q035,5,17.9316,1,5
fixed_500_overlap_25,Q036,1,21.9858,1,1
fixed_500_overlap_25,Q036,3,23.8328,1,3
fixed_500_overlap_25,Q036,5,21.704,1,5
fixed_500_overlap_25,Q037,1,19.427,0,1
fixed_500_overlap_25,Q037,3,18.3432,1,3
fixed_500_overlap_25,Q037,5,17.4499,1,5
fixed_500_overlap_25,Q038,1,17.6132,0,1
fixed_500_overlap_25,Q038,3,19.5981,1,3
fixed_500_overlap_25,Q038,5,19.6927,1,5
fixed_500_overlap_25,Q039,1,20.295,0,1
fixed_500_overlap_25,Q039,3,21.9084,0,3
fixed_500_overlap_25,Q039,5,24.4862,0,5
fixed_500_overlap_25,Q040,1,24.8073,0,1
fixed_500_overlap_25,Q040,3,23.9649,0,3
fixed_500_overlap_25,Q040,5,18.3065,0,5
fixed_500_overlap_25,Q041,1,20.0144,0,1
fixed_500_overlap_25,Q041,3,17.6615,0,3
fixed_500_overlap_25,Q041,5,18.0457,0,5
fixed_500_overlap_25,Q042,1,17.854,1,1
fixed_500_overlap_25,Q042,3,18.3573,1,3
fixed_500_overlap_25,Q042,5,18.0812,1,5
fixed_500_overlap_25,Q043,1,18.6022,1,1
fixed_500_overlap_25,Q043,3,18.9266,1,3
fixed_500_overlap_25,Q043,5,18.3276,1,5
fixed_500_overlap_25,Q044,1,17.361,0,1
fixed_500_overlap_25,Q044,3,17.1031,0,3
fixed_500_overlap_25,Q044,5,21.6945,0,5
fixed_500_overlap_25,Q045,1,18.937,0,1
fixed_500_overlap_25,Q045,3,16.6675,0,3
fixed_500_overlap_25,Q045,5,17.4284,0,5
fixed_500_overlap_25,Q046,1,17.6092,0,1
fixed_500_overlap_25,Q046,3,16.6349,0,3
fixed_500_overlap_25,Q046,5,16.7862,0,5
fixed_500_overlap_25,Q047,1,18.5907,0,1
fixed_500_overlap_25,Q047,3,17.9678,0,3
fixed_500_overlap_25,Q047,5,15.5084,0,5
fixed_500_overlap_25,Q048,1,17.1615,0,1
fixed_500_overlap_25,Q048,3,16.542,0,3
fixed_500_overlap_25,Q048,5,17.0893,1,5
fixed_500_overlap_25,Q049,1,15.8021,0,1
fixed_500_overlap_25,Q049,3,15.0477,0,3
fixed_500_overlap_25,Q049,5,15.8826,0,5
fixed_500_overlap_25,Q050,1,16.4779,1,1
fixed_500_overlap_25,Q050,3,17.312,1,3
fixed_500_overlap_25,Q050,5,15.8045,1,5
fixed_500_overlap_25,Q051,1,14.7699,0,1
fixed_500_overlap_25,Q051,3,14.9086,1,3
fixed_500_overlap_25,Q051,5,15.4913,1,5
fixed_500_overlap_25,Q052,1,16.3963,1,1
fixed_500_overlap_25,Q052,3,16.1728,1,3
fixed_500_overlap_25,Q052,5,15.8743,1,5
fixed_500_overlap_25,Q053,1,16.1078,1,1
fixed_500_overlap_25,Q053,3,16.8554,1,3
fixed_500_overlap_25,Q053,5,18.2842,1,5
fixed_500_overlap_25,Q054,1,18.6468,1,1
fixed_500_overlap_25,Q054,3,19.4737,1,3
fixed_500_overlap_25,Q054,5,19.5704,1,5
fixed_500_overlap_25,Q055,1,20.4448,0,1
fixed_500_overlap_25,Q055,3,24.2662,0,3
fixed_500_overlap_25,Q055,5,23.2775,1,5
fixed_500_overlap_25,Q056,1,24.0614,0,1
fixed_500_overlap_25,Q056,3,22.6881,0,3
fixed_500_overlap_25,Q056,5,22.8411,1,5
fixed_500_overlap_25,Q057,1,28.2878,0,1
fixed_500_overlap_25,Q057,3,25.2264,0,3
fixed_500_overlap_25,Q057,5,25.8356,0,5
fixed_500_overlap_25,Q058,1,20.3999,0,1
fixed_500_overlap_25,Q058,3,18.4249,0,3
fixed_500_overlap_25,Q058,5,20.1654,0,5
fixed_500_overlap_25,Q059,1,15.8624,0,1
fixed_500_overlap_25,Q059,3,15.9024,0,3
fixed_500_overlap_25,Q059,5,17.3136,1,5
fixed_500_overlap_25,Q060,1,17.5629,0,1
fixed_500_overlap_25,Q060,3,18.5599,0,3
fixed_500_overlap_25,Q060,5,18.5258,0,5
fixed_500_overlap_25,Q061,1,16.8013,1,1
fixed_500_overlap_25,Q061,3,17.39,1,3
fixed_500_overlap_25,Q061,5,17.4366,1,5
fixed_500_overlap_25,Q062,1,17.2711,0,1
fixed_500_overlap_25,Q062,3,17.1286,0,3
fixed_500_overlap_25,Q062,5,17.8574,0,5
fixed_500_overlap_25,Q063,1,17.5131,1,1
fixed_500_overlap_25,Q063,3,20.159,1,3
fixed_500_overlap_25,Q063,5,16.1832,1,5
fixed_500_overlap_25,Q064,1,15.3574,1,1
fixed_500_overlap_25,Q064,3,16.2443,1,3
fixed_500_overlap_25,Q064,5,16.5307,1,5
fixed_500_overlap_25,Q065,1,15.6638,1,1
fixed_500_overlap_25,Q065,3,15.1987,1,3
fixed_500_overlap_25,Q065,5,15.1307,1,5
fixed_500_overlap_25,Q066,1,15.7236,0,1
fixed_500_overlap_25,Q066,3,14.885,1,3
fixed_500_overlap_25,Q066,5,15.9149,1,5
fixed_500_overlap_25,Q067,1,16.5482,1,1
fixed_500_overlap_25,Q067,3,17.6537,1,3
fixed_500_overlap_25,Q067,5,15.5061,1,5
fixed_500_overlap_25,Q068,1,19.9306,1,1
fixed_500_overlap_25,Q068,3,16.7452,1,3
fixed_500_overlap_25,Q068,5,15.8434,1,5
fixed_500_overlap_25,Q069,1,15.4808,0,1
fixed_500_overlap_25,Q069,3,15.0922,0,3
fixed_500_overlap_25,Q069,5,15.582,0,5
fixed_500_overlap_25,Q070,1,16.2482,0,1
fixed_500_overlap_25,Q070,3,15.7553,0,3
fixed_500_overlap_25,Q070,5,15.6256,0,5
fixed_500_overlap_25,Q071,1,16.3144,0,1
fixed_500_overlap_25,Q071,3,16.9415,0,3
fixed_500_overlap_25,Q071,5,17.5231,0,5
fixed_500_overlap_25,Q072,1,18.8939,0,1
fixed_500_overlap_25,Q072,3,18.6339,0,3
fixed_500_overlap_25,Q072,5,18.4448,1,5
fixed_500_overlap_25,Q073,1,17.9469,0,1
fixed_500_overlap_25,Q073,3,17.4891,0,3
fixed_500_overlap_25,Q073,5,18.09,0,5
fixed_500_overlap_25,Q074,1,18.359,0,1
fixed_500_overlap_25,Q074,3,18.2076,1,3
fixed_500_overlap_25,Q074,5,18.3537,1,5
fixed_500_overlap_25,Q075,1,15.2223,0,1
fixed_500_overlap_25,Q075,3,17.1605,1,3
fixed_500_overlap_25,Q075,5,15.2036,1,5
fixed_500_overlap_25,Q076,1,17.9061,0,1
fixed_500_overlap_25,Q076,3,17.3264,0,3
fixed_500_overlap_25,Q076,5,17.5702,0,5
fixed_500_overlap_25,Q077,1,19.5102,0,1
fixed_500_overlap_25,Q077,3,19.1682,0,3
fixed_500_overlap_25,Q077,5,20.1628,0,5
fixed_500_overlap_25,Q078,1,18.4757,0,1
fixed_500_overlap_25,Q078,3,18.2317,0,3
fixed_500_overlap_25,Q078,5,17.2041,1,5
fixed_500_overlap_25,Q079,1,17.1479,0,1
fixed_500_overlap_25,Q079,3,18.2472,0,3
fixed_500_overlap_25,Q079,5,17.3691,1,5
fixed_500_overlap_25,Q080,1,17.9912,0,1
fixed_500_overlap_25,Q080,3,18.1051,1,3
fixed_500_overlap_25,Q080,5,21.6481,1,5
fixed_500_overlap_50,Q001,1,17.4991,1,1
fixed_500_overlap_50,Q001,3,16.2675,1,3
fixed_500_overlap_50,Q001,5,16.0448,1,5
fixed_500_overlap_50,Q002,1,17.166,0,1
fixed_500_overlap_50,Q002,3,17.0379,0,3
fixed_500_overlap_50,Q002,5,17.3883,0,5
fixed_500_overlap_50,Q003,1,20.6455,1,1
fixed_500_overlap_50,Q003,3,17.4277,1,3
fixed_500_overlap_50,Q003,5,17.0959,1,5
fixed_500_overlap_50,Q004,1,16.6878,1,1
fixed_500_overlap_50,Q004,3,15.9518,1,3
fixed_500_overlap_50,Q004,5,16.3268,1,5
fixed_500_overlap_50,Q005,1,15.1723,1,1
fixed_500_overlap_50,Q005,3,15.3666,1,3
fixed_500_overlap_50,Q005,5,15.4479,1,5
fixed_500_overlap_50,Q006,1,16.4036,0,1
fixed_500_overlap_50,Q006,3,15.9263,1,3
fixed_500_overlap_50,Q006,5,16.2072,1,5
fixed_500_overlap_50,Q007,1,15.9815,1,1
fixed_500_overlap_50,Q007,3,16.3982,1,3
fixed_500_overlap_50,Q007,5,15.9604,1,5
fixed_500_overlap_50,Q008,1,16.6029,1,1
fixed_500_overlap_50,Q008,3,15.6048,1,3
fixed_500_overlap_50,Q008,5,15.9316,1,5
fixed_500_overlap_50,Q009,1,14.9858,1,1
fixed_500_overlap_50,Q009,3,15.0729,1,3
fixed_500_overlap_50,Q009,5,15.7906,1,5
fixed_500_overlap_50,Q010,1,16.2106,1,1
fixed_500_overlap_50,Q010,3,15.7345,1,3
fixed_500_overlap_50,Q010,5,15.4075,1,5
fixed_500_overlap_50,Q011,1,16.6175,0,1
fixed_500_overlap_50,Q011,3,19.279,0,3
fixed_500_overlap_50,Q011,5,17.1605,1,5
fixed_500_overlap_50,Q012,1,17.5764,1,1
fixed_500_overlap_50,Q012,3,18.4109,1,3
fixed_500_overlap_50,Q012,5,19.406,1,5
fixed_500_overlap_50,Q013,1,19.3448,0,1
fixed_500_overlap_50,Q013,3,19.2027,0,3
fixed_500_overlap_50,Q013,5,18.5101,0,5
fixed_500_overlap_50,Q014,1,20.1069,0,1
fixed_500_overlap_50,Q014,3,19.7595,0,3
fixed_500_overlap_50,Q014,5,18.0535,0,5
fixed_500_overlap_50,Q015,1,21.3054,0,1
fixed_500_overlap_50,Q015,3,19.5931,0,3
fixed_500_overlap_50,Q015,5,19.1608,0,5
fixed_500_overlap_50,Q016,1,19.4139,1,1
fixed_500_overlap_50,Q016,3,18.3337,1,3
fixed_500_overlap_50,Q016,5,18.5902,1,5
fixed_500_overlap_50,Q017,1,16.304,1,1
fixed_500_overlap_50,Q017,3,17.2519,1,3
fixed_500_overlap_50,Q017,5,15.9821,1,5
fixed_500_overlap_50,Q018,1,17.8625,1,1
fixed_500_overlap_50,Q018,3,18.3209,1,3
fixed_500_overlap_50,Q018,5,16.7025,1,5
fixed_500_overlap_50,Q019,1,16.0476,0,1
fixed_500_overlap_50,Q019,3,15.0751,0,3
fixed_500_overlap_50,Q019,5,16.8467,0,5
fixed_500_overlap_50,Q020,1,15.6862,0,1
fixed_500_overlap_50,Q020,3,15.9079,0,3
fixed_500_overlap_50,Q020,5,15.4021,0,5
fixed_500_overlap_50,Q021,1,14.9328,0,1
fixed_500_overlap_50,Q021,3,15.8378,0,3
fixed_500_overlap_50,Q021,5,16.1189,0,5
fixed_500_overlap_50,Q022,1,14.723,0,1
fixed_500_overlap_50,Q022,3,15.3122,0,3
fixed_500_overlap_50,Q022,5,16.6815,1,5
fixed_500_overlap_50,Q023,1,20.3573,0,1
fixed_500_overlap_50,Q023,3,17.8117,0,3
fixed_500_overlap_50,Q023,5,17.949,0,5
fixed_500_overlap_50,Q024,1,16.2965,0,1
fixed_500_overlap_50,Q024,3,16.9519,0,3
fixed_500_overlap_50,Q024,5,18.8361,0,5
fixed_500_overlap_50,Q025,1,17.7344,1,1
fixed_500_overlap_50,Q025,3,19.746,1,3
fixed_500_overlap_50,Q025,5,21.8557,1,5
fixed_500_overlap_50,Q026,1,15.8637,1,1
fixed_500_overlap_50,Q026,3,14.4613,1,3
fixed_500_overlap_50,Q026,5,14.3351,1,5
fixed_500_overlap_50,Q027,1,14.6595,1,1
fixed_500_overlap_50,Q027,3,14.7962,1,3
fixed_500_overlap_50,Q027,5,14.0517,1,5
fixed_500_overlap_50,Q028,1,16.4226,0,1
fixed_500_overlap_50,Q028,3,16.551,0,3
fixed_500_overlap_50,Q028,5,18.168,0,5
fixed_500_overlap_50,Q029,1,18.6565,1,1
fixed_500_overlap_50,Q029,3,18.6977,1,3
fixed_500_overlap_50,Q029,5,17.7902,1,5
fixed_500_overlap_50,Q030,1,18.7768,1,1
fixed_500_overlap_50,Q030,3,20.3638,1,3
fixed_500_overlap_50,Q030,5,19.8313,1,5
fixed_500_overlap_50,Q031,1,18.3737,0,1
fixed_500_overlap_50,Q031,3,17.6646,0,3
fixed_500_overlap_50,Q031,5,17.9343,0,5
fixed_500_overlap_50,Q032,1,18.9411,1,1
fixed_500_overlap_50,Q032,3,18.3272,1,3
fixed_500_overlap_50,Q032,5,20.2054,1,5
fixed_500_overlap_50,Q033,1,18.532,0,1
fixed_500_overlap_50,Q033,3,17.2841,0,3
fixed_500_overlap_50,Q033,5,18.1599,0,5
fixed_500_overlap_50,Q034,1,20.06,0,1
fixed_500_overlap_50,Q034,3,19.3682,0,3
fixed_500_overlap_50,Q034,5,18.3219,0,5
fixed_500_overlap_50,Q035,1,18.2398,0,1
fixed_500_overlap_50,Q035,3,18.1854,1,3
fixed_500_overlap_50,Q035,5,18.6406,1,5
fixed_500_overlap_50,Q036,1,17.3999,0,1
fixed_500_overlap_50,Q036,3,19.0828,0,3
fixed_500_overlap_50,Q036,5,19.0625,0,5
fixed_500_overlap_50,Q037,1,16.4577,1,1
fixed_500_overlap_50,Q037,3,17.4425,1,3
fixed_500_overlap_50,Q037,5,18.0449,1,5
fixed_500_overlap_50,Q038,1,16.8364,0,1
fixed_500_overlap_50,Q038,3,15.9022,1,3
fixed_500_overlap_50,Q038,5,15.9075,1,5
fixed_500_overlap_50,Q039,1,17.4014,0,1
fixed_500_overlap_50,Q039,3,16.9298,0,3
fixed_500_overlap_50,Q039,5,17.1723,0,5
fixed_500_overlap_50,Q040,1,16.8732,0,1
fixed_500_overlap_50,Q040,3,15.5859,0,3
fixed_500_overlap_50,Q040,5,15.3399,0,5
fixed_500_overlap_50,Q041,1,15.3477,0,1
fixed_500_overlap_50,Q041,3,16.8492,0,3
fixed_500_overlap_50,Q041,5,15.6289,0,5
fixed_500_overlap_50,Q042,1,19.5979,1,1
fixed_500_overlap_50,Q042,3,23.1711,1,3
fixed_500_overlap_50,Q042,5,16.9432,1,5
fixed_500_overlap_50,Q043,1,17.1011,1,1
fixed_500_overlap_50,Q043,3,18.1721,1,3
fixed_500_overlap_50,Q043,5,17.832,1,5
fixed_500_overlap_50,Q044,1,16.7888,0,1
fixed_500_overlap_50,Q044,3,16.8381,0,3
fixed_500_overlap_50,Q044,5,19.1478,0,5
fixed_500_overlap_50,Q045,1,19.4475,0,1
fixed_500_overlap_50,Q045,3,17.3021,0,3
fixed_500_overlap_50,Q045,5,18.2168,0,5
fixed_500_overlap_50,Q046,1,16.4605,0,1
fixed_500_overlap_50,Q046,3,18.0561,0,3
fixed_500_overlap_50,Q046,5,16.6435,0,5
fixed_500_overlap_50,Q047,1,15.5859,0,1
fixed_500_overlap_50,Q047,3,15.5776,0,3
fixed_500_overlap_50,Q047,5,15.9049,0,5
fixed_500_overlap_50,Q048,1,17.3882,0,1
fixed_500_overlap_50,Q048,3,17.9865,0,3
fixed_500_overlap_50,Q048,5,18.8797,1,5
fixed_500_overlap_50,Q049,1,18.3977,0,1
fixed_500_overlap_50,Q049,3,17.3946,0,3
fixed_500_overlap_50,Q049,5,17.9106,0,5
fixed_500_overlap_50,Q050,1,18.4437,1,1
fixed_500_overlap_50,Q050,3,17.5911,1,3
fixed_500_overlap_50,Q050,5,16.7517,1,5
fixed_500_overlap_50,Q051,1,15.5385,0,1
fixed_500_overlap_50,Q051,3,17.0402,1,3
fixed_500_overlap_50,Q051,5,15.5168,1,5
fixed_500_overlap_50,Q052,1,16.9773,1,1
fixed_500_overlap_50,Q052,3,17.8081,1,3
fixed_500_overlap_50,Q052,5,17.8143,1,5
fixed_500_overlap_50,Q053,1,20.1682,1,1
fixed_500_overlap_50,Q053,3,18.2493,1,3
fixed_500_overlap_50,Q053,5,17.7508,1,5
fixed_500_overlap_50,Q054,1,20.0403,1,1
fixed_500_overlap_50,Q054,3,21.3688,1,3
fixed_500_overlap_50,Q054,5,18.5104,1,5
fixed_500_overlap_50,Q055,1,24.4227,0,1
fixed_500_overlap_50,Q055,3,25.7063,0,3
fixed_500_overlap_50,Q055,5,23.8813,1,5
fixed_500_overlap_50,Q056,1,21.052,0,1
fixed_500_overlap_50,Q056,3,27.6427,0,3
fixed_500_overlap_50,Q056,5,18.0043,0,5
fixed_500_overlap_50,Q057,1,17.3103,0,1
fixed_500_overlap_50,Q057,3,17.6943,0,3
fixed_500_overlap_50,Q057,5,19.512,0,5
fixed_500_overlap_50,Q058,1,18.5067,0,1
fixed_500_overlap_50,Q058,3,18.596,0,3
fixed_500_overlap_50,Q058,5,18.0022,0,5
fixed_500_overlap_50,Q059,1,15.7621,0,1
fixed_500_overlap_50,Q059,3,23.6761,1,3
fixed_500_overlap_50,Q059,5,19.6046,1,5
fixed_500_overlap_50,Q060,1,20.2018,0,1
fixed_500_overlap_50,Q060,3,20.0175,0,3
fixed_500_overlap_50,Q060,5,18.7907,0,5
fixed_500_overlap_50,Q061,1,16.0807,1,1
fixed_500_overlap_50,Q061,3,15.4247,1,3
fixed_500_overlap_50,Q061,5,15.9913,1,5
fixed_500_overlap_50,Q062,1,16.2241,0,1
fixed_500_overlap_50,Q062,3,16.4436,0,3
fixed_500_overlap_50,Q062,5,16.616,0,5
fixed_500_overlap_50,Q063,1,16.9489,1,1
fixed_500_overlap_50,Q063,3,20.8108,1,3
fixed_500_overlap_50,Q063,5,23.9417,1,5
fixed_500_overlap_50,Q064,1,20.9816,1,1
fixed_500_overlap_50,Q064,3,18.7776,1,3
fixed_500_overlap_50,Q064,5,16.3724,1,5
fixed_500_overlap_50,Q065,1,15.8507,1,1
fixed_500_overlap_50,Q065,3,15.5124,1,3
fixed_500_overlap_50,Q065,5,16.2729,1,5
fixed_500_overlap_50,Q066,1,15.9422,0,1
fixed_500_overlap_50,Q066,3,16.2543,1,3
fixed_500_overlap_50,Q066,5,17.9913,1,5
fixed_500_overlap_50,Q067,1,17.9008,1,1
fixed_500_overlap_50,Q067,3,17.6863,1,3
fixed_500_overlap_50,Q067,5,16.2766,1,5
fixed_500_overlap_50,Q068,1,18.0961,1,1
fixed_500_overlap_50,Q068,3,19.2422,1,3
fixed_500_overlap_50,Q068,5,17.995,1,5
fixed_500_overlap_50,Q069,1,16.5465,0,1
fixed_500_overlap_50,Q069,3,16.5116,0,3
fixed_500_overlap_50,Q069,5,16.4962,0,5
fixed_500_overlap_50,Q070,1,18.036,0,1
fixed_500_overlap_50,Q070,3,17.5314,0,3
fixed_500_overlap_50,Q070,5,18.4011,0,5
fixed_500_overlap_50,Q071,1,26.7172,0,1
fixed_500_overlap_50,Q071,3,25.6099,0,3
fixed_500_overlap_50,Q071,5,24.0159,0,5
fixed_500_overlap_50,Q072,1,25.9521,0,1
fixed_500_overlap_50,Q072,3,27.4635,0,3
fixed_500_overlap_50,Q072,5,28.4161,1,5
fixed_500_overlap_50,Q073,1,25.0952,0,1
fixed_500_overlap_50,Q073,3,21.2507,0,3
fixed_500_overlap_50,Q073,5,19.5703,0,5
fixed_500_overlap_50,Q074,1,18.5669,0,1
fixed_500_overlap_50,Q074,3,18.7993,1,3
fixed_500_overlap_50,Q074,5,18.9807,1,5
fixed_500_overlap_50,Q075,1,15.4769,0,1
fixed_500_overlap_50,Q075,3,16.6627,1,3
fixed_500_overlap_50,Q075,5,15.3919,1,5
fixed_500_overlap_50,Q076,1,16.1852,0,1
fixed_500_overlap_50,Q076,3,17.1132,0,3
fixed_500_overlap_50,Q076,5,15.9102,0,5
fixed_500_overlap_50,Q077,1,17.5907,0,1
fixed_500_overlap_50,Q077,3,18.4589,0,3
fixed_500_overlap_50,Q077,5,19.2997,0,5
fixed_500_overlap_50,Q078,1,15.2498,0,1
fixed_500_overlap_50,Q078,3,15.0856,0,3
fixed_500_overlap_50,Q078,5,20.1291,1,5
fixed_500_overlap_50,Q079,1,16.7175,0,1
fixed_500_overlap_50,Q079,3,23.3134,0,3
fixed_500_overlap_50,Q079,5,18.9572,1,5
fixed_500_overlap_50,Q080,1,16.6587,0,1
fixed_500_overlap_50,Q080,3,17.4316,1,3
fixed_500_overlap_50,Q080,5,17.1851,1,5
fixed_500_overlap_100,Q001,1,16.5512,1,1
fixed_500_overlap_100,Q001,3,15.6117,1,3
fixed_500_overlap_100,Q001,5,15.0216,1,5
fixed_500_overlap_100,Q002,1,16.5076,1,1
fixed_500_overlap_100,Q002,3,15.8095,1,3
fixed_500_overlap_100,Q002,5,16.5244,1,5
fixed_500_overlap_100,Q003,1,17.2787,1,1
fixed_500_overlap_100,Q003,3,17.5394,1,3
fixed_500_overlap_100,Q003,5,16.7775,1,5
fixed_500_overlap_100,Q004,1,15.9812,1,1
fixed_500_overlap_100,Q004,3,16.2817,1,3
fixed_500_overlap_100,Q004,5,18.3108,1,5
fixed_500_overlap_100,Q005,1,16.9613,1,1
fixed_500_overlap_100,Q005,3,16.7699,1,3
fixed_500_overlap_100,Q005,5,18.5577,1,5
fixed_500_overlap_100,Q006,1,17.0758,0,1
fixed_500_overlap_100,Q006,3,17.7952,1,3
fixed_500_overlap_100,Q006,5,17.596,1,5
fixed_500_overlap_100,Q007,1,16.6748,1,1
fixed_500_overlap_100,Q007,3,16.7614,1,3
fixed_500_overlap_100,Q007,5,16.3232,1,5
fixed_500_overlap_100,Q008,1,17.0023,1,1
fixed_500_overlap_100,Q008,3,16.2429,1,3
fixed_500_overlap_100,Q008,5,16.553,1,5
fixed_500_overlap_100,Q009,1,16.7231,1,1
fixed_500_overlap_100,Q009,3,17.617,1,3
fixed_500_overlap_100,Q009,5,16.1919,1,5
fixed_500_overlap_100,Q010,1,19.5629,1,1
fixed_500_overlap_100,Q010,3,17.6231,1,3
fixed_500_overlap_100,Q010,5,18.5479,1,5
fixed_500_overlap_100,Q011,1,18.0644,0,1
fixed_500_overlap_100,Q011,3,17.4806,0,3
fixed_500_overlap_100,Q011,5,16.7416,1,5
fixed_500_overlap_100,Q012,1,17.6303,1,1
fixed_500_overlap_100,Q012,3,17.3988,1,3
fixed_500_overlap_100,Q012,5,18.9639,1,5
fixed_500_overlap_100,Q013,1,16.3043,0,1
fixed_500_overlap_100,Q013,3,15.6516,0,3
fixed_500_overlap_100,Q013,5,16.1064,0,5
fixed_500_overlap_100,Q014,1,16.2737,0,1
fixed_500_overlap_100,Q014,3,15.935,0,3
fixed_500_overlap_100,Q014,5,17.5557,1,5
fixed_500_overlap_100,Q015,1,19.2792,0,1
fixed_500_overlap_100,Q015,3,19.4304,0,3
fixed_500_overlap_100,Q015,5,19.3578,0,5
fixed_500_overlap_100,Q016,1,20.3657,1,1
fixed_500_overlap_100,Q016,3,23.1757,1,3
fixed_500_overlap_100,Q016,5,30.9421,1,5
fixed_500_overlap_100,Q017,1,20.8222,1,1
fixed_500_overlap_100,Q017,3,23.6438,1,3
fixed_500_overlap_100,Q017,5,19.3643,1,5
fixed_500_overlap_100,Q018,1,17.3073,1,1
fixed_500_overlap_100,Q018,3,17.7428,1,3
fixed_500_overlap_100,Q018,5,18.4432,1,5
fixed_500_overlap_100,Q019,1,18.1611,0,1
fixed_500_overlap_100,Q019,3,18.6483,0,3
fixed_500_overlap_100,Q019,5,20.2379,0,5
fixed_500_overlap_100,Q020,1,17.5919,0,1
fixed_500_overlap_100,Q020,3,16.0302,0,3
fixed_500_overlap_100,Q020,5,18.3837,0,5
fixed_500_overlap_100,Q021,1,17.6524,0,1
fixed_500_overlap_100,Q021,3,17.8003,0,3
fixed_500_overlap_100,Q021,5,16.5171,0,5
fixed_500_overlap_100,Q022,1,14.9859,0,1
fixed_500_overlap_100,Q022,3,15.1585,0,3
fixed_500_overlap_100,Q022,5,15.3931,0,5
fixed_500_overlap_100,Q023,1,15.0583,0,1
fixed_500_overlap_100,Q023,3,15.9136,0,3
fixed_500_overlap_100,Q023,5,16.3191,0,5
fixed_500_overlap_100,Q024,1,16.4442,0,1
fixed_500_overlap_100,Q024,3,15.9667,0,3
fixed_500_overlap_100,Q024,5,14.8311,1,5
fixed_500_overlap_100,Q025,1,16.0994,1,1
fixed_500_overlap_100,Q025,3,15.7512,1,3
fixed_500_overlap_100,Q025,5,16.2945,1,5
fixed_500_overlap_100,Q026,1,16.5621,1,1
fixed_500_overlap_100,Q026,3,14.3457,1,3
fixed_500_overlap_100,Q026,5,14.9818,1,5
fixed_500_overlap_100,Q027,1,15.105,1,1
fixed_500_overlap_100,Q027,3,16.2458,1,3
fixed_500_overlap_100,Q027,5,16.3282,1,5
fixed_500_overlap_100,Q028,1,18.1472,0,1
fixed_500_overlap_100,Q028,3,16.5323,0,3
fixed_500_overlap_100,Q028,5,16.6694,0,5
fixed_500_overlap_100,Q029,1,17.8886,1,1
fixed_500_overlap_100,Q029,3,18.1013,1,3
fixed_500_overlap_100,Q029,5,20.1764,1,5
fixed_500_overlap_100,Q030,1,18.2058,1,1
fixed_500_overlap_100,Q030,3,18.129,1,3
fixed_500_overlap_100,Q030,5,18.174,1,5
fixed_500_overlap_100,Q031,1,17.6314,0,1
fixed_500_overlap_100,Q031,3,16.6787,0,3
fixed_500_overlap_100,Q031,5,16.6765,0,5
fixed_500_overlap_100,Q032,1,18.8478,0,1
fixed_500_overlap_100,Q032,3,17.0323,1,3
fixed_500_overlap_100,Q032,5,17.766,1,5
fixed_500_overlap_100,Q033,1,18.3482,0,1
fixed_500_overlap_100,Q033,3,16.0055,0,3
fixed_500_overlap_100,Q033,5,16.7933,0,5
fixed_500_overlap_100,Q034,1,18.5808,0,1
fixed_500_overlap_100,Q034,3,16.7338,0,3
fixed_500_overlap_100,Q034,5,17.1437,0,5
fixed_500_overlap_100,Q035,1,17.3143,1,1
fixed_500_overlap_100,Q035,3,16.5853,1,3
fixed_500_overlap_100,Q035,5,16.0032,1,5
fixed_500_overlap_100,Q036,1,18.311,0,1
fixed_500_overlap_100,Q036,3,16.9658,1,3
fixed_500_overlap_100,Q036,5,17.6581,1,5
fixed_500_overlap_100,Q037,1,16.4945,0,1
fixed_500_overlap_100,Q037,3,18.2036,1,3
fixed_500_overlap_100,Q037,5,20.0369,1,5
fixed_500_overlap_100,Q038,1,20.9428,1,1
fixed_500_overlap_100,Q038,3,19.1977,1,3
fixed_500_overlap_100,Q038,5,15.4354,1,5
fixed_500_overlap_100,Q039,1,15.8191,0,1
fixed_500_overlap_100,Q039,3,16.0693,0,3
fixed_500_overlap_100,Q039,5,15.5826,0,5
fixed_500_overlap_100,Q040,1,16.5596,0,1
fixed_500_overlap_100,Q040,3,15.3951,0,3
fixed_500_overlap_100,Q040,5,16.0145,0,5
fixed_500_overlap_100,Q041,1,15.2573,0,1
fixed_500_overlap_100,Q041,3,15.9529,0,3
fixed_500_overlap_100,Q041,5,16.4643,0,5
fixed_500_overlap_100,Q042,1,16.7415,1,1
fixed_500_overlap_100,Q042,3,15.9308,1,3
fixed_500_overlap_100,Q042,5,18.0558,1,5
fixed_500_overlap_100,Q043,1,16.9443,1,1
fixed_500_overlap_100,Q043,3,16.8842,1,3
fixed_500_overlap_100,Q043,5,17.8916,1,5
fixed_500_overlap_100,Q044,1,16.7756,0,1
fixed_500_overlap_100,Q044,3,16.1824,0,3
fixed_500_overlap_100,Q044,5,16.642,1,5
fixed_500_overlap_100,Q045,1,16.7734,0,1
fixed_500_overlap_100,Q045,3,16.4252,0,3
fixed_500_overlap_100,Q045,5,16.5095,0,5
fixed_500_overlap_100,Q046,1,16.6516,0,1
fixed_500_overlap_100,Q046,3,16.5282,0,3
fixed_500_overlap_100,Q046,5,17.8619,0,5
fixed_500_overlap_100,Q047,1,16.273,0,1
fixed_500_overlap_100,Q047,3,17.2983,0,3
fixed_500_overlap_100,Q047,5,15.8303,1,5
fixed_500_overlap_100,Q048,1,18.2699,0,1
fixed_500_overlap_100,Q048,3,17.298,0,3
fixed_500_overlap_100,Q048,5,16.3935,1,5
fixed_500_overlap_100,Q049,1,16.6253,0,1
fixed_500_overlap_100,Q049,3,15.6247,0,3
fixed_500_overlap_100,Q049,5,15.8536,0,5
fixed_500_overlap_100,Q050,1,18.8933,1,1
fixed_500_overlap_100,Q050,3,18.1537,1,3
fixed_500_overlap_100,Q050,5,16.5188,1,5
fixed_500_overlap_100,Q051,1,14.3196,0,1
fixed_500_overlap_100,Q051,3,14.6978,1,3
fixed_500_overlap_100,Q051,5,15.8059,1,5
fixed_500_overlap_100,Q052,1,16.9228,1,1
fixed_500_overlap_100,Q052,3,17.1036,1,3
fixed_500_overlap_100,Q052,5,16.6016,1,5
fixed_500_overlap_100,Q053,1,16.1456,1,1
fixed_500_overlap_100,Q053,3,16.7707,1,3
fixed_500_overlap_100,Q053,5,16.6001,1,5
fixed_500_overlap_100,Q054,1,16.8347,1,1
fixed_500_overlap_100,Q054,3,18.4107,1,3
fixed_500_overlap_100,Q054,5,17.6129,1,5
fixed_500_overlap_100,Q055,1,16.42,0,1
fixed_500_overlap_100,Q055,3,17.3075,0,3
fixed_500_overlap_100,Q055,5,16.1899,1,5
fixed_500_overlap_100,Q056,1,15.6383,0,1
fixed_500_overlap_100,Q056,3,18.6613,0,3
fixed_500_overlap_100,Q056,5,16.2584,0,5
fixed_500_overlap_100,Q057,1,16.9362,0,1
fixed_500_overlap_100,Q057,3,17.8249,0,3
fixed_500_overlap_100,Q057,5,20.8205,0,5
fixed_500_overlap_100,Q058,1,17.98,0,1
fixed_500_overlap_100,Q058,3,19.6571,0,3
fixed_500_overlap_100,Q058,5,17.5442,0,5
fixed_500_overlap_100,Q059,1,15.8639,0,1
fixed_500_overlap_100,Q059,3,15.2577,0,3
fixed_500_overlap_100,Q059,5,14.3736,1,5
fixed_500_overlap_100,Q060,1,17.5604,0,1
fixed_500_overlap_100,Q060,3,16.8513,0,3
fixed_500_overlap_100,Q060,5,17.3674,0,5
fixed_500_overlap_100,Q061,1,16.284,0,1
fixed_500_overlap_100,Q061,3,15.7432,1,3
fixed_500_overlap_100,Q061,5,16.3627,1,5
fixed_500_overlap_100,Q062,1,17.0063,0,1
fixed_500_overlap_100,Q062,3,17.3891,0,3
fixed_500_overlap_100,Q062,5,16.9276,0,5
fixed_500_overlap_100,Q063,1,17.4134,1,1
fixed_500_overlap_100,Q063,3,17.9673,1,3
fixed_500_overlap_100,Q063,5,16.0456,1,5
fixed_500_overlap_100,Q064,1,16.628,1,1
fixed_500_overlap_100,Q064,3,16.4552,1,3
fixed_500_overlap_100,Q064,5,19.5025,1,5
fixed_500_overlap_100,Q065,1,17.2727,1,1
fixed_500_overlap_100,Q065,3,16.4068,1,3
fixed_500_overlap_100,Q065,5,17.5208,1,5
fixed_500_overlap_100,Q066,1,19.2738,0,1
fixed_500_overlap_100,Q066,3,17.3977,0,3
fixed_500_overlap_100,Q066,5,16.2345,1,5
fixed_500_overlap_100,Q067,1,17.0124,1,1
fixed_500_overlap_100,Q067,3,15.5543,1,3
fixed_500_overlap_100,Q067,5,15.4859,1,5
fixed_500_overlap_100,Q068,1,16.7188,0,1
fixed_500_overlap_100,Q068,3,17.1517,1,3
fixed_500_overlap_100,Q068,5,16.3104,1,5
fixed_500_overlap_100,Q069,1,16.1769,0,1
fixed_500_overlap_100,Q069,3,15.6381,0,3
fixed_500_overlap_100,Q069,5,16.2836,0,5
fixed_500_overlap_100,Q070,1,20.5184,0,1
fixed_500_overlap_100,Q070,3,15.8596,0,3
fixed_500_overlap_100,Q070,5,16.6077,0,5
fixed_500_overlap_100,Q071,1,18.5732,0,1
fixed_500_overlap_100,Q071,3,16.7664,0,3
fixed_500_overlap_100,Q071,5,19.4197,0,5
fixed_500_overlap_100,Q072,1,18.0617,0,1
fixed_500_overlap_100,Q072,3,17.3819,0,3
fixed_500_overlap_100,Q072,5,18.7582,1,5
fixed_500_overlap_100,Q073,1,18.2941,0,1
fixed_500_overlap_100,Q073,3,18.3489,0,3
fixed_500_overlap_100,Q073,5,17.4512,0,5
fixed_500_overlap_100,Q074,1,17.5034,0,1
fixed_500_overlap_100,Q074,3,16.9304,1,3
fixed_500_overlap_100,Q074,5,17.8647,1,5
fixed_500_overlap_100,Q075,1,14.75,0,1
fixed_500_overlap_100,Q075,3,14.0389,1,3
fixed_500_overlap_100,Q075,5,14.0977,1,5
fixed_500_overlap_100,Q076,1,16.5522,0,1
fixed_500_overlap_100,Q076,3,14.6577,0,3
fixed_500_overlap_100,Q076,5,16.2162,0,5
fixed_500_overlap_100,Q077,1,17.7693,0,1
fixed_500_overlap_100,Q077,3,17.5062,0,3
fixed_500_overlap_100,Q077,5,21.9484,0,5
fixed_500_overlap_100,Q078,1,14.6025,0,1
fixed_500_overlap_100,Q078,3,14.3196,0,3
fixed_500_overlap_100,Q078,5,14.2925,0,5
fixed_500_overlap_100,Q079,1,16.5254,0,1
fixed_500_overlap_100,Q079,3,16.3662,0,3
fixed_500_overlap_100,Q079,5,16.8679,1,5
fixed_500_overlap_100,Q080,1,23.2109,0,1
fixed_500_overlap_100,Q080,3,26.3001,1,3
fixed_500_overlap_100,Q080,5,22.6138,1,5
sentence_500,Q001,1,22.4769,1,1
sentence_500,Q001,3,16.1631,1,3
sentence_500,Q001,5,16.1194,1,5
sentence_500,Q002,1,17.9086,0,1
sentence_500,Q002,3,16.3719,1,3
sentence_500,Q002,5,16.5465,1,5
sentence_500,Q003,1,15.9485,1,1
sentence_500,Q003,3,18.0534,1,3
sentence_500,Q003,5,17.9847,1,5
sentence_500,Q004,1,22.5674,1,1
sentence_500,Q004,3,21.7827,1,3
sentence_500,Q004,5,18.3315,1,5
sentence_500,Q005,1,15.1429,1,1
sentence_500,Q005,3,15.0272,1,3
sentence_500,Q005,5,15.3876,1,5
sentence_500,Q006,1,16.8004,0,1
sentence_500,Q006,3,16.5796,1,3
sentence_500,Q006,5,16.2835,1,5
sentence_500,Q007,1,15.9046,1,1
sentence_500,Q007,3,15.5953,1,3
sentence_500,Q007,5,19.8071,1,5
sentence_500,Q008,1,23.2101,1,1
sentence_500,Q008,3,23.635,1,3
sentence_500,Q008,5,28.633,1,5
sentence_500,Q009,1,27.3668,1,1
sentence_500,Q009,3,23.9554,1,3
sentence_500,Q009,5,23.8226,1,5
sentence_500,Q010,1,24.0291,1,1
sentence_500,Q010,3,26.6874,1,3
sentence_500,Q010,5,20.1959,1,5
sentence_500,Q011,1,16.3087,0,1
sentence_500,Q011,3,17.9065,1,3
sentence_500,Q011,5,16.8867,1,5
sentence_500,Q012,1,17.4472,1,1
sentence_500,Q012,3,16.565,1,3
sentence_500,Q012,5,17.047,1,5
sentence_500,Q013,1,17.2125,0,1
sentence_500,Q013,3,15.9551,0,3
sentence_500,Q013,5,16.5199,0,5
sentence_500,Q014,1,16.6024,0,1
sentence_500,Q014,3,16.4246,0,3
sentence_500,Q014,5,16.6571,1,5
sentence_500,Q015,1,19.3274,0,1
sentence_500,Q015,3,19.9802,0,3
sentence_500,Q015,5,23.8844,0,5
sentence_500,Q016,1,19.0491,1,1
sentence_500,Q016,3,17.4461,1,3
sentence_500,Q016,5,18.2939,1,5
sentence_500,Q017,1,15.4598,1,1
sentence_500,Q017,3,16.314,1,3
sentence_500,Q017,5,17.3722,1,5
sentence_500,Q018,1,18.0019,1,1
sentence_500,Q018,3,17.1137,1,3
sentence_500,Q018,5,17.9141,1,5
sentence_500,Q019,1,15.7179,0,1
sentence_500,Q019,3,16.806,0,3
sentence_500,Q019,5,18.1666,0,5
sentence_500,Q020,1,17.4877,0,1
sentence_500,Q020,3,18.6851,0,3
sentence_500,Q020,5,16.997,0,5
sentence_500,Q021,1,17.3419,0,1
sentence_500,Q021,3,16.1828,0,3
sentence_500,Q021,5,16.1417,0,5
sentence_500,Q022,1,15.4465,0,1
sentence_500,Q022,3,16.7468,0,3
sentence_500,Q022,5,15.297,1,5
sentence_500,Q023,1,16.0042,0,1
sentence_500,Q023,3,16.7039,0,3
sentence_500,Q023,5,16.4467,0,5
sentence_500,Q024,1,17.4589,0,1
sentence_500,Q024,3,17.7088,0,3
sentence_500,Q024,5,14.7066,1,5
sentence_500,Q025,1,17.0739,1,1
sentence_500,Q025,3,18.3525,1,3
sentence_500,Q025,5,18.5285,1,5
sentence_500,Q026,1,16.1329,1,1
sentence_500,Q026,3,16.2718,1,3
sentence_500,Q026,5,17.295,1,5
sentence_500,Q027,1,18.0498,1,1
sentence_500,Q027,3,15.4806,1,3
sentence_500,Q027,5,14.4475,1,5
sentence_500,Q028,1,17.1948,0,1
sentence_500,Q028,3,17.0981,0,3
sentence_500,Q028,5,15.935,0,5
sentence_500,Q029,1,18.0087,0,1
sentence_500,Q029,3,20.0362,1,3
sentence_500,Q029,5,17.7243,1,5
sentence_500,Q030,1,17.3769,1,1
sentence_500,Q030,3,16.9981,1,3
sentence_500,Q030,5,17.0433,1,5
sentence_500,Q031,1,17.7434,0,1
sentence_500,Q031,3,17.6649,0,3
sentence_500,Q031,5,16.5737,0,5
sentence_500,Q032,1,18.7404,0,1
sentence_500,Q032,3,16.9081,1,3
sentence_500,Q032,5,17.1299,1,5
sentence_500,Q033,1,17.5499,0,1
sentence_500,Q033,3,16.6093,0,3
sentence_500,Q033,5,16.6151,0,5
sentence_500,Q034,1,17.2531,0,1
sentence_500,Q034,3,16.7091,0,3
sentence_500,Q034,5,16.1518,0,5
sentence_500,Q035,1,16.6411,0,1
sentence_500,Q035,3,20.4359,0,3
sentence_500,Q035,5,18.3171,0,5
sentence_500,Q036,1,16.6029,0,1
sentence_500,Q036,3,16.8365,0,3
sentence_500,Q036,5,19.5356,0,5
sentence_500,Q037,1,17.965,1,1
sentence_500,Q037,3,18.8168,1,3
sentence_500,Q037,5,16.5799,1,5
sentence_500,Q038,1,16.6576,1,1
sentence_500,Q038,3,16.2441,1,3
sentence_500,Q038,5,17.5598,1,5
sentence_500,Q039,1,17.6987,0,1
sentence_500,Q039,3,16.783,0,3
sentence_500,Q039,5,17.017,0,5
sentence_500,Q040,1,16.1501,0,1
sentence_500,Q040,3,16.0899,0,3
sentence_500,Q040,5,16.3376,0,5
sentence_500,Q041,1,16.6589,0,1
sentence_500,Q041,3,16.1215,0,3
sentence_500,Q041,5,16.1872,0,5
sentence_500,Q042,1,16.9573,1,1
sentence_500,Q042,3,16.7337,1,3
sentence_500,Q042,5,18.1543,1,5
sentence_500,Q043,1,19.1349,1,1
sentence_500,Q043,3,18.3528,1,3
sentence_500,Q043,5,17.1692,1,5
sentence_500,Q044,1,18.2353,1,1
sentence_500,Q044,3,18.5823,1,3
sentence_500,Q044,5,18.4747,1,5
sentence_500,Q045,1,20.3796,0,1
sentence_500,Q045,3,22.6559,0,3
sentence_500,Q045,5,19.0861,0,5
sentence_500,Q046,1,19.724,0,1
sentence_500,Q046,3,17.3703,0,3
sentence_500,Q046,5,18.466,0,5
sentence_500,Q047,1,21.5344,0,1
sentence_500,Q047,3,16.0881,0,3
sentence_500,Q047,5,15.7896,1,5
sentence_500,Q048,1,18.0561,0,1
sentence_500,Q048,3,16.6877,0,3
sentence_500,Q048,5,17.2511,0,5
sentence_500,Q049,1,17.4927,0,1
sentence_500,Q049,3,15.9971,0,3
sentence_500,Q049,5,17.9319,0,5
sentence_500,Q050,1,17.789,1,1
sentence_500,Q050,3,15.6088,1,3
sentence_500,Q050,5,18.4041,1,5
sentence_500,Q051,1,15.9899,0,1
sentence_500,Q051,3,14.2715,1,3
sentence_500,Q051,5,15.366,1,5
sentence_500,Q052,1,20.0178,1,1
sentence_500,Q052,3,17.2594,1,3
sentence_500,Q052,5,17.6103,1,5
sentence_500,Q053,1,18.8288,1,1
sentence_500,Q053,3,22.0764,1,3
sentence_500,Q053,5,18.4276,1,5
sentence_500,Q054,1,16.7189,1,1
sentence_500,Q054,3,19.3412,1,3
sentence_500,Q054,5,20.7553,1,5
sentence_500,Q055,1,15.083,1,1
sentence_500,Q055,3,16.2111,1,3
sentence_500,Q055,5,14.9223,1,5
sentence_500,Q056,1,14.6611,1,1
sentence_500,Q056,3,15.3074,1,3
sentence_500,Q056,5,15.9853,1,5
sentence_500,Q057,1,15.2593,0,1
sentence_500,Q057,3,15.2327,1,3
sentence_500,Q057,5,15.6739,1,5
sentence_500,Q058,1,17.6089,0,1
sentence_500,Q058,3,18.0889,1,3
sentence_500,Q058,5,17.8546,1,5
sentence_500,Q059,1,14.7787,0,1
sentence_500,Q059,3,14.3806,1,3
sentence_500,Q059,5,16.0445,1,5
sentence_500,Q060,1,16.6463,0,1
sentence_500,Q060,3,17.1218,1,3
sentence_500,Q060,5,18.9217,1,5
sentence_500,Q061,1,16.2871,0,1
sentence_500,Q061,3,16.3119,1,3
sentence_500,Q061,5,15.9697,1,5
sentence_500,Q062,1,17.7514,0,1
sentence_500,Q062,3,18.9565,0,3
sentence_500,Q062,5,17.6933,0,5
sentence_500,Q063,1,16.3644,1,1
sentence_500,Q063,3,18.0891,1,3
sentence_500,Q063,5,17.1598,1,5
sentence_500,Q064,1,16.2372,1,1
sentence_500,Q064,3,15.499,1,3
sentence_500,Q064,5,15.2928,1,5
sentence_500,Q065,1,18.4033,0,1
sentence_500,Q065,3,15.8681,1,3
sentence_500,Q065,5,15.5301,1,5
sentence_500,Q066,1,15.456,0,1
sentence_500,Q066,3,15.7177,0,3
sentence_500,Q066,5,17.2985,1,5
sentence_500,Q067,1,15.3558,0,1
sentence_500,Q067,3,15.8111,1,3
sentence_500,Q067,5,16.2118,1,5
sentence_500,Q068,1,16.7675,0,1
sentence_500,Q068,3,17.1639,1,3
sentence_500,Q068,5,16.9405,1,5
sentence_500,Q069,1,15.7208,0,1
sentence_500,Q069,3,15.5646,0,3
sentence_500,Q069,5,17.4638,0,5
sentence_500,Q070,1,15.8534,0,1
sentence_500,Q070,3,16.7569,0,3
sentence_500,Q070,5,15.3812,0,5
sentence_500,Q071,1,16.4606,0,1
sentence_500,Q071,3,16.1619,0,3
sentence_500,Q071,5,16.5425,0,5
sentence_500,Q072,1,18.02,0,1
sentence_500,Q072,3,17.1564,1,3
sentence_500,Q072,5,16.5024,1,5
sentence_500,Q073,1,16.9515,0,1
sentence_500,Q073,3,16.8905,0,3
sentence_500,Q073,5,19.3922,0,5
sentence_500,Q074,1,18.2819,1,1
sentence_500,Q074,3,16.1271,1,3
sentence_500,Q074,5,16.6337,1,5
sentence_500,Q075,1,18.1223,1,1
sentence_500,Q075,3,14.0289,1,3
sentence_500,Q075,5,13.3601,1,5
sentence_500,Q076,1,15.199,0,1
sentence_500,Q076,3,15.0577,1,3
sentence_500,Q076,5,14.7433,1,5
sentence_500,Q077,1,17.0548,0,1
sentence_500,Q077,3,16.3012,0,3
sentence_500,Q077,5,16.5207,0,5
sentence_500,Q078,1,15.1237,0,1
sentence_500,Q078,3,14.6881,0,3
sentence_500,Q078,5,15.2673,0,5
sentence_500,Q079,1,17.1338,0,1
sentence_500,Q079,3,16.2085,0,3
sentence_500,Q079,5,17.2059,1,5
sentence_500,Q080,1,18.4469,1,1
sentence_500,Q080,3,18.9453,1,3
sentence_500,Q080,5,20.0449,1,5
paragraph_500,Q001,1,16.6373,1,1
paragraph_500,Q001,3,15.8162,1,3
paragraph_500,Q001,5,15.6423,1,5
paragraph_500,Q002,1,18.0174,0,1
paragraph_500,Q002,3,18.1572,0,3
paragraph_500,Q002,5,18.0055,1,5
paragraph_500,Q003,1,16.7762,1,1
paragraph_500,Q003,3,18.5575,1,3
paragraph_500,Q003,5,18.6526,1,5
paragraph_500,Q004,1,16.4887,1,1
paragraph_500,Q004,3,18.685,1,3
paragraph_500,Q004,5,16.3898,1,5
paragraph_500,Q005,1,15.921,1,1
paragraph_500,Q005,3,16.717,1,3
paragraph_500,Q005,5,19.0339,1,5
paragraph_500,Q006,1,17.6107,0,1
paragraph_500,Q006,3,17.4424,1,3
paragraph_500,Q006,5,16.8998,1,5
paragraph_500,Q007,1,15.6112,1,1
paragraph_500,Q007,3,17.0716,1,3
paragraph_500,Q007,5,16.9972,1,5
paragraph_500,Q008,1,17.8177,1,1
paragraph_500,Q008,3,19.4047,1,3
paragraph_500,Q008,5,18.0986,1,5
paragraph_500,Q009,1,17.0824,1,1
paragraph_500,Q009,3,16.5339,1,3
paragraph_500,Q009,5,16.2458,1,5
paragraph_500,Q010,1,18.8736,1,1
paragraph_500,Q010,3,17.8749,1,3
paragraph_500,Q010,5,16.9525,1,5
paragraph_500,Q011,1,17.5893,0,1
paragraph_500,Q011,3,16.764,1,3
paragraph_500,Q011,5,17.8534,1,5
paragraph_500,Q012,1,19.3894,1,1
paragraph_500,Q012,3,16.7288,1,3
paragraph_500,Q012,5,16.3926,1,5
paragraph_500,Q013,1,16.8326,0,1
paragraph_500,Q013,3,17.1067,0,3
paragraph_500,Q013,5,16.5421,0,5
paragraph_500,Q014,1,17.0787,0,1
paragraph_500,Q014,3,16.7864,0,3
paragraph_500,Q014,5,17.7884,0,5
paragraph_500,Q015,1,22.9415,0,1
paragraph_500,Q015,3,18.135,0,3
paragraph_500,Q015,5,18.1771,0,5
paragraph_500,Q016,1,16.1715,1,1
paragraph_500,Q016,3,15.9909,1,3
paragraph_500,Q016,5,15.9316,1,5
paragraph_500,Q017,1,14.904,1,1
paragraph_500,Q017,3,16.8383,1,3
paragraph_500,Q017,5,16.988,1,5
paragraph_500,Q018,1,18.21,1,1
paragraph_500,Q018,3,18.2323,1,3
paragraph_500,Q018,5,16.2573,1,5
paragraph_500,Q019,1,15.7122,0,1
paragraph_500,Q019,3,17.2838,0,3
paragraph_500,Q019,5,16.7531,0,5
paragraph_500,Q020,1,15.5545,0,1
paragraph_500,Q020,3,15.3881,0,3
paragraph_500,Q020,5,15.2173,0,5
paragraph_500,Q021,1,15.8471,0,1
paragraph_500,Q021,3,15.7675,0,3
paragraph_500,Q021,5,15.8666,0,5
paragraph_500,Q022,1,16.8682,0,1
paragraph_500,Q022,3,15.9956,0,3
paragraph_500,Q022,5,19.7175,1,5
paragraph_500,Q023,1,18.8901,0,1
paragraph_500,Q023,3,18.7275,0,3
paragraph_500,Q023,5,19.6927,0,5
paragraph_500,Q024,1,18.247,0,1
paragraph_500,Q024,3,17.657,0,3
paragraph_500,Q024,5,16.6131,1,5
paragraph_500,Q025,1,17.1931,1,1
paragraph_500,Q025,3,23.603,1,3
paragraph_500,Q025,5,25.5562,1,5
paragraph_500,Q026,1,20.5169,1,1
paragraph_500,Q026,3,21.8431,1,3
paragraph_500,Q026,5,18.3268,1,5
paragraph_500,Q027,1,25.2048,1,1
paragraph_500,Q027,3,26.3643,1,3
paragraph_500,Q027,5,26.0231,1,5
paragraph_500,Q028,1,29.2999,0,1
paragraph_500,Q028,3,24.22,0,3
paragraph_500,Q028,5,29.9285,0,5
paragraph_500,Q029,1,26.5756,1,1
paragraph_500,Q029,3,25.9403,1,3
paragraph_500,Q029,5,22.6167,1,5
paragraph_500,Q030,1,20.7019,1,1
paragraph_500,Q030,3,21.1949,1,3
paragraph_500,Q030,5,17.6699,1,5
paragraph_500,Q031,1,16.7356,0,1
paragraph_500,Q031,3,17.3213,0,3
paragraph_500,Q031,5,17.5594,0,5
paragraph_500,Q032,1,17.0389,0,1
paragraph_500,Q032,3,21.6825,1,3
paragraph_500,Q032,5,24.4823,1,5
paragraph_500,Q033,1,23.5537,0,1
paragraph_500,Q033,3,23.5883,0,3
paragraph_500,Q033,5,17.9387,0,5
paragraph_500,Q034,1,20.5236,0,1
paragraph_500,Q034,3,20.0326,0,3
paragraph_500,Q034,5,18.1092,0,5
paragraph_500,Q035,1,17.4961,1,1
paragraph_500,Q035,3,16.7874,1,3
paragraph_500,Q035,5,17.334,1,5
paragraph_500,Q036,1,17.3031,0,1
paragraph_500,Q036,3,17.8169,1,3
paragraph_500,Q036,5,17.6631,1,5
paragraph_500,Q037,1,16.8034,0,1
paragraph_500,Q037,3,18.6873,1,3
paragraph_500,Q037,5,17.3507,1,5
paragraph_500,Q038,1,16.6447,1,1
paragraph_500,Q038,3,18.0279,1,3
paragraph_500,Q038,5,16.3748,1,5
paragraph_500,Q039,1,17.7492,0,1
paragraph_500,Q039,3,18.2619,0,3
paragraph_500,Q039,5,17.981,0,5
paragraph_500,Q040,1,18.5604,0,1
paragraph_500,Q040,3,20.5428,0,3
paragraph_500,Q040,5,16.5639,0,5
paragraph_500,Q041,1,16.2617,0,1
paragraph_500,Q041,3,18.8008,0,3
paragraph_500,Q041,5,19.9117,0,5
paragraph_500,Q042,1,17.4385,1,1
paragraph_500,Q042,3,16.9641,1,3
paragraph_500,Q042,5,18.3736,1,5
paragraph_500,Q043,1,16.7662,1,1
paragraph_500,Q043,3,17.2053,1,3
paragraph_500,Q043,5,18.1464,1,5
paragraph_500,Q044,1,18.5027,0,1
paragraph_500,Q044,3,18.6473,1,3
paragraph_500,Q044,5,18.7104,1,5
paragraph_500,Q045,1,18.0028,0,1
paragraph_500,Q045,3,17.78,0,3
paragraph_500,Q045,5,16.7811,0,5
paragraph_500,Q046,1,18.7529,0,1
paragraph_500,Q046,3,17.7583,0,3
paragraph_500,Q046,5,17.1979,0,5
paragraph_500,Q047,1,22.8225,0,1
paragraph_500,Q047,3,23.5964,0,3
paragraph_500,Q047,5,22.7229,0,5
paragraph_500,Q048,1,22.5519,0,1
paragraph_500,Q048,3,25.8546,0,3
paragraph_500,Q048,5,17.209,0,5
paragraph_500,Q049,1,16.1965,0,1
paragraph_500,Q049,3,18.7417,0,3
paragraph_500,Q049,5,18.2369,0,5
paragraph_500,Q050,1,17.917,1,1
paragraph_500,Q050,3,20.6592,1,3
paragraph_500,Q050,5,19.477,1,5
paragraph_500,Q051,1,16.7421,0,1
paragraph_500,Q051,3,15.4594,0,3
paragraph_500,Q051,5,14.9241,0,5
paragraph_500,Q052,1,17.2827,1,1
paragraph_500,Q052,3,20.6603,1,3
paragraph_500,Q052,5,19.6304,1,5
paragraph_500,Q053,1,16.907,1,1
paragraph_500,Q053,3,19.3778,1,3
paragraph_500,Q053,5,19.798,1,5
paragraph_500,Q054,1,19.5308,1,1
paragraph_500,Q054,3,22.7723,1,3
paragraph_500,Q054,5,21.6911,1,5
paragraph_500,Q055,1,20.7097,0,1
paragraph_500,Q055,3,17.1619,0,3
paragraph_500,Q055,5,17.4004,0,5
paragraph_500,Q056,1,21.3108,0,1
paragraph_500,Q056,3,18.6208,0,3
paragraph_500,Q056,5,17.0042,0,5
paragraph_500,Q057,1,17.4519,0,1
paragraph_500,Q057,3,17.981,0,3
paragraph_500,Q057,5,20.5785,0,5
paragraph_500,Q058,1,22.1098,0,1
paragraph_500,Q058,3,20.8172,0,3
paragraph_500,Q058,5,17.8703,0,5
paragraph_500,Q059,1,16.2782,0,1
paragraph_500,Q059,3,16.3931,0,3
paragraph_500,Q059,5,15.9152,1,5
paragraph_500,Q060,1,21.9036,0,1
paragraph_500,Q060,3,18.9113,0,3
paragraph_500,Q060,5,16.7029,0,5
paragraph_500,Q061,1,16.5723,1,1
paragraph_500,Q061,3,16.6723,1,3
paragraph_500,Q061,5,17.4325,1,5
paragraph_500,Q062,1,17.4812,0,1
paragraph_500,Q062,3,17.8868,0,3
paragraph_500,Q062,5,17.2547,0,5
paragraph_500,Q063,1,16.6667,1,1
paragraph_500,Q063,3,16.1469,1,3
paragraph_500,Q063,5,16.7415,1,5
paragraph_500,Q064,1,16.5168,1,1
paragraph_500,Q064,3,15.7763,1,3
paragraph_500,Q064,5,17.9534,1,5
paragraph_500,Q065,1,18.7125,1,1
paragraph_500,Q065,3,18.7253,1,3
paragraph_500,Q065,5,20.31,1,5
paragraph_500,Q066,1,20.1798,0,1
paragraph_500,Q066,3,17.2028,1,3
paragraph_500,Q066,5,15.293,1,5
paragraph_500,Q067,1,15.4458,1,1
paragraph_500,Q067,3,16.5455,1,3
paragraph_500,Q067,5,15.2246,1,5
paragraph_500,Q068,1,15.871,1,1
paragraph_500,Q068,3,16.1554,1,3
paragraph_500,Q068,5,16.308,1,5
paragraph_500,Q069,1,14.9183,0,1
paragraph_500,Q069,3,21.7782,0,3
paragraph_500,Q069,5,15.9471,0,5
paragraph_500,Q070,1,15.3525,0,1
paragraph_500,Q070,3,16.0396,0,3
paragraph_500,Q070,5,19.9996,0,5
paragraph_500,Q071,1,17.414,0,1
paragraph_500,Q071,3,18.8181,0,3
paragraph_500,Q071,5,23.1152,0,5
paragraph_500,Q072,1,18.7605,0,1
paragraph_500,Q072,3,19.5479,0,3
paragraph_500,Q072,5,19.3094,1,5
paragraph_500,Q073,1,19.677,0,1
paragraph_500,Q073,3,20.098,0,3
paragraph_500,Q073,5,17.302,0,5
paragraph_500,Q074,1,18.4563,0,1
paragraph_500,Q074,3,18.9395,1,3
paragraph_500,Q074,5,19.8422,1,5
paragraph_500,Q075,1,16.897,1,1
paragraph_500,Q075,3,16.5242,1,3
paragraph_500,Q075,5,16.4608,1,5
paragraph_500,Q076,1,18.4586,0,1
paragraph_500,Q076,3,17.6688,0,3
paragraph_500,Q076,5,17.346,0,5
paragraph_500,Q077,1,19.4332,0,1
paragraph_500,Q077,3,19.4675,0,3
paragraph_500,Q077,5,20.4006,0,5
paragraph_500,Q078,1,16.1834,0,1
paragraph_500,Q078,3,15.7201,0,3
paragraph_500,Q078,5,16.6533,0,5
paragraph_500,Q079,1,18.0461,0,1
paragraph_500,Q079,3,16.9722,0,3
paragraph_500,Q079,5,17.1447,1,5
paragraph_500,Q080,1,18.3446,0,1
paragraph_500,Q080,3,17.4766,0,3
paragraph_500,Q080,5,19.3442,1,5
heading_500,Q001,1,17.8335,0,1
heading_500,Q001,3,17.7895,1,3
heading_500,Q001,5,16.2463,1,5
heading_500,Q002,1,20.1483,0,1
heading_500,Q002,3,18.4538,1,3
heading_500,Q002,5,18.1576,1,5
heading_500,Q003,1,18.8009,1,1
heading_500,Q003,3,18.5081,1,3
heading_500,Q003,5,16.8369,1,5
heading_500,Q004,1,17.3802,1,1
heading_500,Q004,3,16.9574,1,3
heading_500,Q004,5,16.9039,1,5
heading_500,Q005,1,18.4077,1,1
heading_500,Q005,3,16.4484,1,3
heading_500,Q005,5,16.1342,1,5
heading_500,Q006,1,16.8799,0,1
heading_500,Q006,3,17.224,1,3
heading_500,Q006,5,16.3006,1,5
heading_500,Q007,1,16.9401,1,1
heading_500,Q007,3,16.1555,1,3
heading_500,Q007,5,16.6055,1,5
heading_500,Q008,1,19.7881,1,1
heading_500,Q008,3,20.3902,1,3
heading_500,Q008,5,17.1984,1,5
heading_500,Q009,1,18.2705,1,1
heading_500,Q009,3,17.3414,1,3
heading_500,Q009,5,16.9057,1,5
heading_500,Q010,1,18.4575,1,1
heading_500,Q010,3,17.2639,1,3
heading_500,Q010,5,17.2582,1,5
heading_500,Q011,1,19.0197,0,1
heading_500,Q011,3,18.9898,0,3
heading_500,Q011,5,17.3635,1,5
heading_500,Q012,1,18.7872,1,1
heading_500,Q012,3,18.5657,1,3
heading_500,Q012,5,19.1955,1,5
heading_500,Q013,1,20.3005,0,1
heading_500,Q013,3,21.5412,0,3
heading_500,Q013,5,19.6732,0,5
heading_500,Q014,1,21.2857,0,1
heading_500,Q014,3,18.4732,0,3
heading_500,Q014,5,17.5503,0,5
heading_500,Q015,1,20.583,0,1
heading_500,Q015,3,20.5308,0,3
heading_500,Q015,5,21.9928,0,5
heading_500,Q016,1,19.7081,0,1
heading_500,Q016,3,16.7689,1,3
heading_500,Q016,5,18.6698,1,5
heading_500,Q017,1,19.475,1,1
heading_500,Q017,3,18.2072,1,3
heading_500,Q017,5,19.4914,1,5
heading_500,Q018,1,20.6559,1,1
heading_500,Q018,3,17.8611,1,3
heading_500,Q018,5,16.843,1,5
heading_500,Q019,1,18.7471,0,1
heading_500,Q019,3,16.8246,0,3
heading_500,Q019,5,15.5641,0,5
heading_500,Q020,1,16.2728,0,1
heading_500,Q020,3,16.0687,0,3
heading_500,Q020,5,16.0023,0,5
heading_500,Q021,1,16.5015,0,1
heading_500,Q021,3,14.8039,0,3
heading_500,Q021,5,15.2635,0,5
heading_500,Q022,1,15.3629,0,1
heading_500,Q022,3,15.2867,0,3
heading_500,Q022,5,15.0133,1,5
heading_500,Q023,1,15.3635,0,1
heading_500,Q023,3,14.9337,0,3
heading_500,Q023,5,15.1277,0,5
heading_500,Q024,1,14.2908,0,1
heading_500,Q024,3,13.8449,0,3
heading_500,Q024,5,14.6172,0,5
heading_500,Q025,1,15.5027,1,1
heading_500,Q025,3,15.1806,1,3
heading_500,Q025,5,15.9981,1,5
heading_500,Q026,1,14.6476,1,1
heading_500,Q026,3,14.5323,1,3
heading_500,Q026,5,14.586,1,5
heading_500,Q027,1,14.438,1,1
heading_500,Q027,3,13.7741,1,3
heading_500,Q027,5,16.0952,1,5
heading_500,Q028,1,19.1733,0,1
heading_500,Q028,3,20.2856,0,3
heading_500,Q028,5,18.714,0,5
heading_500,Q029,1,18.8985,1,1
heading_500,Q029,3,18.6904,1,3
heading_500,Q029,5,17.9942,1,5
heading_500,Q030,1,18.2898,1,1
heading_500,Q030,3,18.3612,1,3
heading_500,Q030,5,19.1079,1,5
heading_500,Q031,1,17.5345,0,1
heading_500,Q031,3,18.2965,0,3
heading_500,Q031,5,17.1492,0,5
heading_500,Q032,1,19.8022,1,1
heading_500,Q032,3,20.367,1,3
heading_500,Q032,5,19.0103,1,5
heading_500,Q033,1,18.4625,0,1
heading_500,Q033,3,17.5656,0,3
heading_500,Q033,5,17.573,0,5
heading_500,Q034,1,17.3872,0,1
heading_500,Q034,3,16.3372,0,3
heading_500,Q034,5,16.5295,0,5
heading_500,Q035,1,18.8193,1,1
heading_500,Q035,3,17.7186,1,3
heading_500,Q035,5,17.7898,1,5
heading_500,Q036,1,17.3602,1,1
heading_500,Q036,3,17.012,1,3
heading_500,Q036,5,16.3299,1,5
heading_500,Q037,1,14.6969,1,1
heading_500,Q037,3,15.8155,1,3
heading_500,Q037,5,16.0876,1,5
heading_500,Q038,1,15.7383,0,1
heading_500,Q038,3,16.1419,1,3
heading_500,Q038,5,17.5484,1,5
heading_500,Q039,1,15.4133,0,1
heading_500,Q039,3,15.1902,0,3
heading_500,Q039,5,16.3509,0,5
heading_500,Q040,1,17.1736,0,1
heading_500,Q040,3,20.4813,0,3
heading_500,Q040,5,20.0776,0,5
heading_500,Q041,1,20.6659,0,1
heading_500,Q041,3,17.2075,0,3
heading_500,Q041,5,15.0285,0,5
heading_500,Q042,1,17.4328,1,1
heading_500,Q042,3,21.6716,1,3
heading_500,Q042,5,20.8868,1,5
heading_500,Q043,1,21.6691,1,1
heading_500,Q043,3,23.9204,1,3
heading_500,Q043,5,24.7807,1,5
heading_500,Q044,1,17.3879,0,1
heading_500,Q044,3,15.4679,0,3
heading_500,Q044,5,16.1477,0,5
heading_500,Q045,1,16.5756,0,1
heading_500,Q045,3,15.3413,0,3
heading_500,Q045,5,16.5273,0,5
heading_500,Q046,1,17.5905,0,1
heading_500,Q046,3,18.0906,0,3
heading_500,Q046,5,22.1335,0,5
heading_500,Q047,1,21.3465,0,1
heading_500,Q047,3,26.3126,0,3
heading_500,Q047,5,21.7913,0,5
heading_500,Q048,1,25.3336,0,1
heading_500,Q048,3,17.8192,0,3
heading_500,Q048,5,19.5791,0,5
heading_500,Q049,1,16.3942,0,1
heading_500,Q049,3,18.0581,0,3
heading_500,Q049,5,16.7408,0,5
heading_500,Q050,1,20.8765,1,1
heading_500,Q050,3,18.5784,1,3
heading_500,Q050,5,19.4151,1,5
heading_500,Q051,1,27.503,0,1
heading_500,Q051,3,22.9023,0,3
heading_500,Q051,5,19.0844,1,5
heading_500,Q052,1,17.7531,1,1
heading_500,Q052,3,16.9218,1,3
heading_500,Q052,5,15.3304,1,5
heading_500,Q053,1,17.8993,1,1
heading_500,Q053,3,19.0815,1,3
heading_500,Q053,5,18.0067,1,5
heading_500,Q054,1,18.4843,1,1
heading_500,Q054,3,34.9713,1,3
heading_500,Q054,5,34.7387,1,5
heading_500,Q055,1,16.2611,0,1
heading_500,Q055,3,14.9663,0,3
heading_500,Q055,5,15.5275,0,5
heading_500,Q056,1,16.1287,0,1
heading_500,Q056,3,16.9271,0,3
heading_500,Q056,5,16.4563,1,5
heading_500,Q057,1,16.7381,0,1
heading_500,Q057,3,16.1936,0,3
heading_500,Q057,5,17.3699,0,5
heading_500,Q058,1,16.0626,0,1
heading_500,Q058,3,16.7086,0,3
heading_500,Q058,5,16.4957,0,5
heading_500,Q059,1,14.1782,0,1
heading_500,Q059,3,14.2265,1,3
heading_500,Q059,5,13.8265,1,5
heading_500,Q060,1,15.6976,0,1
heading_500,Q060,3,15.4463,0,3
heading_500,Q060,5,16.6437,1,5
heading_500,Q061,1,15.9141,1,1
heading_500,Q061,3,16.1546,1,3
heading_500,Q061,5,15.8128,1,5
heading_500,Q062,1,16.2442,0,1
heading_500,Q062,3,15.9048,0,3
heading_500,Q062,5,15.9169,0,5
heading_500,Q063,1,14.9457,1,1
heading_500,Q063,3,17.1433,1,3
heading_500,Q063,5,15.0632,1,5
heading_500,Q064,1,14.6977,1,1
heading_500,Q064,3,14.2976,1,3
heading_500,Q064,5,15.5191,1,5
heading_500,Q065,1,22.123,1,1
heading_500,Q065,3,18.3539,1,3
heading_500,Q065,5,21.9546,1,5
heading_500,Q066,1,16.6408,0,1
heading_500,Q066,3,17.4641,1,3
heading_500,Q066,5,16.7235,1,5
heading_500,Q067,1,16.419,0,1
heading_500,Q067,3,15.8181,1,3
heading_500,Q067,5,20.078,1,5
heading_500,Q068,1,22.0393,0,1
heading_500,Q068,3,18.9076,1,3
heading_500,Q068,5,17.1656,1,5
heading_500,Q069,1,16.9669,0,1
heading_500,Q069,3,16.2336,0,3
heading_500,Q069,5,16.8919,0,5
heading_500,Q070,1,16.4172,0,1
heading_500,Q070,3,19.0476,0,3
heading_500,Q070,5,18.9138,0,5
heading_500,Q071,1,18.1303,0,1
heading_500,Q071,3,17.0435,0,3
heading_500,Q071,5,18.0194,0,5
heading_500,Q072,1,17.2246,0,1
heading_500,Q072,3,17.4466,1,3
heading_500,Q072,5,17.88,1,5
heading_500,Q073,1,17.652,0,1
heading_500,Q073,3,17.3172,0,3
heading_500,Q073,5,18.7476,0,5
heading_500,Q074,1,16.5758,1,1
heading_500,Q074,3,16.8906,1,3
heading_500,Q074,5,17.264,1,5
heading_500,Q075,1,14.1271,1,1
heading_500,Q075,3,14.272,1,3
heading_500,Q075,5,13.9319,1,5
heading_500,Q076,1,15.463,0,1
heading_500,Q076,3,14.6123,0,3
heading_500,Q076,5,16.5349,1,5
heading_500,Q077,1,18.1638,0,1
heading_500,Q077,3,17.2344,0,3
heading_500,Q077,5,16.5833,0,5
heading_500,Q078,1,14.0543,0,1
heading_500,Q078,3,13.6028,0,3
heading_500,Q078,5,14.2394,0,5
heading_500,Q079,1,16.0386,0,1
heading_500,Q079,3,16.2647,0,3
heading_500,Q079,5,21.4319,0,5
heading_500,Q080,1,21.9687,1,1
heading_500,Q080,3,17.3747,1,3
heading_500,Q080,5,18.3225,1,5
